"player","PTS","TRB","AST","STL","BLK","MFG","MFT","TOV","G","EFF","salaries","position"
"Matthew Dellavedova",569,162,337,44,9,304,9,116,76,0.0137470360162377,1147280,"PG"
"Channing Frye",196,93,26,8,8,90,3,13,26,0.0163204586291711,7807579,"C"
"Kyrie Irving",1041,157,249,56,18,485,22,124,53,0.0261319422848912,14746000,"PG"
"LeBron James",1920,565,514,104,49,679,132,249,76,0.046566894672378,22971000,"SF"
"Richard Jefferson",410,128,59,33,14,169,29,43,74,0.00920006792227331,1499000,"SF"
"Dahntay Jones",13,5,2,1,2,8,0,0,1,0.0240547333674324,8819,"SF"
"James Jones",178,50,14,11,10,84,5,13,48,0.00562993987840036,1499000,"SF"
"Sasha Kaun",23,26,3,4,5,8,6,7,25,0.00301871639734047,1300000,"C"
"Kevin Love",1234,762,186,58,41,568,56,142,77,0.0394844543138198,19500000,"PF"
"Jordan McRae",62,12,15,0,1,29,4,9,15,0.0050384458131643,172972,"PG"
"Timofey Mozgov",475,337,33,22,57,156,27,71,76,0.0166134132528821,4950000,"C"
"Iman Shumpert",311,203,92,54,19,191,11,57,54,0.0125934958112072,9e+06,"SG"
"J.R. Smith",955,217,130,81,21,497,26,59,77,0.0181316644159184,5e+06,"SG"
"Tristan Thompson",643,738,62,38,51,173,93,61,82,0.0297831638255353,14260870,"PF"
"Mo Williams",338,72,98,14,5,170,4,57,41,0.0111366838965156,2100000,"PG"
"Anthony Bennett",28,23,0,5,0,19,1,4,19,0.00342044360939541,947276,"PF"
"Bismack Biyombo",454,655,29,19,133,132,84,71,82,0.0228842957050585,3e+06,"C"
"Bruno Caboclo",3,2,1,2,1,11,0,4,6,-0.00198279729184457,1524000,"SF"
"DeMarre Carroll",286,122,27,44,6,165,20,28,26,0.0173814157959197,13500000,"SF"
"DeMar DeRozan",1830,349,315,81,21,763,98,175,78,0.0346524002239133,9500000,"SG"
"James Johnson",287,126,67,29,33,126,29,54,57,0.0114717196246146,2500000,"PF"
"Cory Joseph",677,210,250,63,20,328,41,102,80,0.0156967248183147,7e+06,"SG"
"Kyle Lowry",1634,365,494,158,34,686,93,225,77,0.0337263900035466,1.2e+07,"PG"
"Lucas Nogueira",65,46,7,12,12,16,7,11,29,0.0069056353127392,1842000,"C"
"Patrick Patterson",543,342,94,53,32,289,5,65,79,0.0175591800829639,6268675,"PF"
"Norman Powell",273,111,47,29,10,132,10,32,49,0.0100888737951969,650000,"SG"
"Terrence Ross",720,185,56,54,25,356,13,46,73,0.0144336830771288,3553917,"SF"
"Luis Scola",664,360,66,46,27,329,23,68,76,0.0197035209988141,3e+06,"PF"
"Jason Thompson",87,80,10,8,12,34,4,8,19,0.0147401271075292,328955,"C"
"Jonas Valanciunas",768,547,42,25,80,233,51,85,60,0.034566090354499,4660482,"C"
"Delon Wright",103,37,31,8,3,44,9,16,27,0.00643091663151226,1509360,"PG"
"Chris Bosh",1010,390,128,36,34,409,55,78,53,0.0404492427049601,22192730,"PF"
"Luol Deng",911,443,140,74,29,406,47,81,74,0.0287814030435568,10151612,"PF"
"Goran Dragic",1018,277,419,71,17,458,45,185,72,0.0237199599763199,14780000,"PG"
"Gerald Green",616,163,56,38,19,357,20,46,69,0.0115012199081169,1356000,"SG"
"Udonis Haslem",59,75,14,5,2,38,4,5,37,0.00573707846229573,2854940,"PF"
"Joe Johnson",321,68,86,21,2,121,8,43,24,0.0230321958307061,414481,"SF"
"Tyler Johnson",314,109,79,24,14,125,13,47,36,0.0165776179234529,845059,"SG"
"Josh McRoberts",150,105,81,18,7,93,12,30,42,0.0101040597305173,5543725,"PF"
"Josh Richardson",341,107,73,36,25,149,21,35,52,0.0120997191103157,525093,"SG"
"Amar'e Stoudemire",300,222,27,18,41,96,17,47,52,0.0161228075847788,1499187,"C"
"Beno Udrih",158,63,90,11,0,86,2,42,36,0.00805194211908425,2170465,"PG"
"Dwyane Wade",1409,302,344,79,42,643,84,203,74,0.0287430887614432,2e+07,"SG"
"Briante Weber",2,1,1,0,0,0,0,0,1,0.00617052305161486,12355,"PG"
"Hassan Whiteside",1040,865,30,44,269,269,115,137,73,0.0443630735151168,981348,"C"
"Justise Winslow",502,403,117,68,26,267,37,95,78,0.0150084186174477,2481720,"SF"
"Kent Bazemore",872,379,171,98,38,405,28,138,75,0.0217604588970318,2e+06,"SF"
"Tim Hardaway",326,86,51,21,7,151,6,23,51,0.0103627149539681,1304520,"SG"
"Kirk Hinrich",5,12,14,2,1,9,0,3,11,0.00277795282274215,2870000,"PG"
"Al Horford",1249,596,263,68,121,519,26,107,82,0.0370345300052136,1.2e+07,"C"
"Kris Humphries",134,71,13,10,7,54,13,14,21,0.0149406807411639,388025,"PF"
"Kyle Korver",739,260,164,60,35,348,9,98,80,0.0167495840403982,5746479,"SG"
"Paul Millsap",1385,732,265,147,139,565,99,191,81,0.0442128691110384,1.9e+07,"PF"
"Mike Muscala",195,117,34,13,27,76,8,27,60,0.00846998246988863,947276,"C"
"Lamar Patterson",84,50,39,9,2,52,6,23,35,0.00481965976489789,525093,"SG"
"Dennis Schroder",879,204,349,70,9,452,38,183,80,0.0160751290841767,1763400,"PG"
"Mike Scott",464,206,78,25,17,200,13,42,75,0.0142411565656713,3333333,"PF"
"Thabo Sefolosha",480,334,107,85,37,184,37,68,75,0.0164343175531463,4e+06,"SF"
"Tiago Splitter",201,120,30,20,12,74,9,24,36,0.0143320050099653,8500000,"C"
"Walter Tavares",25,21,3,1,6,8,5,5,11,0.00654045615492676,1e+06,"C"
"Jeff Teague",1239,214,470,97,24,554,51,218,79,0.0238232877365585,8e+06,"PG"
"Avery Bradley",1155,220,158,117,19,563,27,109,76,0.0217942186479705,7730337,"SG"
"Coty Clarke",6,1,0,0,0,2,0,1,3,0.00236912813439256,61776,"SF"
"Jae Crowder",1038,373,135,126,35,453,43,83,73,0.025813485729781,6e+06,"SF"
"R.J. Hunter",97,37,13,14,4,62,1,11,36,0.00415364538134116,1148640,"SG"
"Jonas Jerebko",340,288,62,20,24,168,17,52,78,0.012627806235802,5e+06,"PF"
"Amir Johnson",577,505,138,52,83,177,52,94,79,0.0257045925398069,1.2e+07,"PF"
"David Lee",214,130,54,12,13,105,11,38,30,0.0176084892151923,15493680,"PF"
"Jordan Mickey",21,13,1,0,11,14,5,1,16,0.00314045478049115,1200000,"PF"
"Kelly Olynyk",687,281,105,52,33,303,32,74,69,0.0204900850313881,2165160,"C"
"Terry Rozier",72,63,37,6,1,77,2,19,39,0.00297295078449692,1824360,"PG"
"Marcus Smart",558,255,185,91,18,345,37,80,61,0.0158492691968766,3431040,"PG"
"Jared Sullinger",834,673,187,75,47,455,58,102,81,0.0291855188415214,2269260,"PF"
"Isaiah Thomas",1823,243,509,91,9,791,70,220,82,0.0305056593914952,6912869,"PG"
"Evan Turner",854,397,359,80,28,410,31,169,81,0.0226715655531637,3425510,"SG"
"James Young",29,26,9,6,1,25,3,5,29,0.00208516215599176,1749840,"SG"
"Tyler Zeller",364,178,29,10,22,152,20,46,60,0.0123256975088762,2616975,"C"
"Nicolas Batum",1046,428,403,65,43,501,29,205,70,0.0294678256944437,12235750,"SF"
"Troy Daniels",242,57,21,11,3,98,4,24,43,0.00835176318785339,947276,"SG"
"Jorge Gutierrez",22,7,17,3,0,5,1,6,12,0.00470268334996971,301444,"PG"
"Tyler Hansbrough",104,89,8,12,7,39,27,12,44,0.00666888628458554,1185784,"PF"
"Aaron Harrison",18,15,2,6,0,14,7,4,21,0.00124693659714025,525093,"SG"
"Spencer Hawes",340,244,109,22,27,182,11,58,57,0.0166382720921764,5543725,"PF"
"Al Jefferson",562,301,70,30,41,260,39,34,47,0.0271053401089852,13833333,"C"
"Frank Kaminsky",606,335,98,38,43,310,40,58,81,0.0165757277471021,2612500,"C"
"Michael Kidd-Gilchrist",89,45,9,3,3,28,9,8,7,0.0252770385408732,6331404,"SF"
"Jeremy Lamb",580,252,77,42,30,280,24,50,66,0.0158498269844417,3034356,"SG"
"Courtney Lee",250,87,60,33,12,122,3,23,28,0.0174272520451854,5675000,"SG"
"Jeremy Lin",914,253,235,58,42,428,54,150,78,0.0188084569994756,2100000,"SG"
"Kemba Walker",1689,357,421,126,39,763,67,171,81,0.0311368087611067,1.2e+07,"PG"
"Marvin Williams",948,521,110,58,77,409,24,62,81,0.030036879648224,7e+06,"PF"
"Cody Zeller",638,455,71,57,63,206,57,68,73,0.0245853366111612,4204200,"C"
"Lavoy Allen",428,424,76,26,42,179,27,69,79,0.0181059904623229,3700000,"PF"
"Chase Budinger",216,121,49,29,9,113,14,31,49,0.00892419107596861,5e+06,"SF"
"Rakeem Christmas",4,1,0,0,0,0,0,0,1,0.0104863590511961,1e+06,"PF"
"Monta Ellis",1121,271,383,150,37,585,44,203,81,0.023301600537524,10300000,"SG"
"Paul George",1874,563,329,152,29,844,74,265,81,0.0367592003239376,17120106,"SF"
"George Hill",894,298,259,83,17,413,36,101,74,0.020716541124778,8e+06,"PG"
"Jordan Hill",645,451,87,36,37,271,36,92,73,0.0221316879021834,4e+06,"C"
"Solomon Hill",246,166,57,37,11,115,6,33,59,0.0100747578232375,1358880,"SF"
"Ty Lawson",64,31,57,10,1,39,3,13,13,0.0123497704706605,265058,"PG"
"Ian Mahinmi",660,507,104,65,75,184,93,100,71,0.0274272329961167,4e+06,"C"
"C.J. Miles",753,175,63,53,29,375,31,70,64,0.0157820014378296,4394225,"SF"
"Glenn Robinson",171,68,26,17,9,86,12,18,45,0.00646024185352926,845000,"SF"
"Rodney Stuckey",517,156,142,43,8,260,27,76,58,0.013334994557181,6500000,"PG"
"Myles Turner",619,332,41,25,86,266,33,67,60,0.0232235587669962,2357760,"C"
"Shayne Whittington",11,12,3,1,1,6,1,5,7,0.00448592419440227,845059,"PF"
"Joel Anthony",18,21,1,2,12,4,2,2,19,0.00435721253220623,2500000,"C"
"Aron Baynes",514,384,51,21,52,190,39,67,81,0.0169412398266136,6500000,"C"
"Steve Blake",254,89,200,24,5,147,4,81,58,0.00873561584332753,2170465,"PG"
"Reggie Bullock",122,68,27,10,2,55,1,8,37,0.00741944802721688,1252440,"SF"
"Kentavious Caldwell-Pope",1105,282,138,110,17,557,43,105,76,0.0212056004810191,2891760,"SG"
"Spencer Dinwiddie",58,17,22,3,0,35,14,7,12,0.00581791246291768,845059,"PG"
"Andre Drummond",1314,1198,67,119,112,508,378,155,81,0.0432793673656555,3272091,"C"
"Justin Harper",13,1,0,1,0,6,1,2,5,0.0026808535962793,99418,"PF"
"Tobias Harris",447,168,70,18,12,182,8,30,27,0.0367672963949974,1.6e+07,"PF"
"Darrun Hilliard",152,45,27,9,1,79,11,19,38,0.00562984058575264,525093,"SG"
"Reggie Jackson",1489,253,492,59,11,704,46,223,79,0.0262008367406603,1.4e+07,"PG"
"Stanley Johnson",593,306,118,55,12,375,22,114,73,0.0129425726499012,2841960,"SF"
"Jodie Meeks",22,5,3,0,0,13,0,1,3,0.00916330945304909,6270000,"SG"
"Marcus Morris",1131,404,201,67,23,535,68,140,80,0.022865334956263,5e+06,"SF"
"Anthony Tolliver",383,229,52,26,16,204,18,28,72,0.0126595300216587,3e+06,"PF"
"Cameron Bairstow",34,28,6,2,3,27,1,4,18,0.00423363413791321,845059,"C"
"Aaron Brooks",491,101,180,30,10,281,15,82,69,0.009612037738714,2e+06,"PG"
"Jimmy Butler",1399,358,321,110,43,565,80,132,67,0.0368921163618824,15260000,"SG"
"Mike Dunleavy",222,83,39,14,10,111,8,26,31,0.0119907018901282,4500000,"SF"
"Cristiano Felicio",105,102,26,6,13,32,10,13,31,0.0117578809125883,525090,"C"
"Pau Gasol",1187,793,294,42,146,528,60,164,72,0.0437678751143926,7448760,"C"
"Taj Gibson",627,504,106,47,77,237,45,78,73,0.0271791463871266,8500000,"PF"
"Justin Holiday",176,63,45,19,15,91,5,26,27,0.0119355724561126,947300,"SG"
"Doug McDermott",764,195,59,14,6,353,12,53,81,0.0131983750500292,2380440,"SF"
"Nikola Mirotic",777,362,100,58,46,361,35,102,66,0.0256738562718452,5543725,"PF"
"E'Twaun Moore",443,133,99,37,18,202,13,53,59,0.0131600921523402,1015421,"SG"
"Joakim Noah",124,255,110,18,29,82,23,52,29,0.0231274940016947,13400000,"C"
"Bobby Portis",436,337,52,25,22,250,18,54,62,0.0177389385304222,1391160,"PF"
"Derrick Rose",1080,225,311,44,14,601,37,175,66,0.0201683928442469,20093063,"PG"
"Tony Snell",338,199,63,16,17,213,3,52,64,0.00935077926453316,1535880,"SF"
"Alan Anderson",65,27,14,4,1,38,4,2,13,0.00863612643621063,4e+06,"SG"
"Bradley Beal",958,188,162,54,11,440,41,112,55,0.0244610091561135,5694674,"SG"
"Jared Dudley",638,286,170,75,18,254,26,80,81,0.0200319681188294,4250000,"PF"
"Jarell Eddie",63,23,5,5,1,45,0,1,26,0.00326403592930906,561716,"SF"
"Drew Gooden",82,85,13,8,11,70,5,13,30,0.00718142297087776,3300000,"PF"
"Marcin Gortat",1012,741,106,47,96,331,61,121,75,0.0373651671123637,11217391,"C"
"J.J. Hickson",69,45,7,5,2,21,25,9,15,0.0100511589694834,366337,"C"
"Nene Hilario",525,259,97,54,26,175,78,76,57,0.022419026063977,1.3e+07,"PF"
"Ryan Hollins",8,11,0,0,1,3,0,3,5,0.00523481843605025,176375,"C"
"Markieff Morris",335,158,37,25,17,153,13,45,27,0.0269373566031593,8e+06,"PF"
"Gary Neal",390,83,47,20,1,174,8,29,40,0.0142513760348804,2100000,"SG"
"Kelly Oubre",236,133,13,22,7,121,18,34,63,0.00631976090118587,1920240,"SF"
"Otto Porter",871,391,120,105,32,378,31,70,75,0.0230650942148384,4662960,"SF"
"Ramon Sessions",810,203,239,46,5,312,69,115,82,0.0154055998460137,2170465,"PG"
"Garrett Temple",582,212,140,69,18,304,34,64,80,0.0128326295029207,1100602,"SF"
"Marcus Thornton",118,35,19,13,1,65,5,11,14,0.0126760503531325,251107,"SG"
"John Wall",1531,379,789,145,59,777,72,318,77,0.0340596276172296,15851950,"PG"
"Keith Appling",6,1,1,1,0,6,0,3,5,-3.51552394954626e-05,161776,"PG"
"Dewayne Dedmon",255,228,13,22,46,78,19,32,58,0.0140100781500366,947278,"C"
"Evan Fournier",1213,225,213,96,2,500,39,133,79,0.0232909281193882,2288205,"SF"
"Aaron Gordon",719,507,128,59,55,305,64,66,78,0.0263581794553094,4171680,"PF"
"Mario Hezonja",478,176,109,39,17,237,5,97,79,0.010067250808685,3741480,"SF"
"Ersan Ilyasova",178,121,12,14,6,89,13,12,22,0.0200496527848053,7900000,"PF"
"Brandon Jennings",175,50,100,18,5,102,10,35,25,0.0120982357229516,8344497,"PG"
"Devyn Marble",60,38,12,13,1,50,14,7,28,0.00307905714757428,845059,"SG"
"Shabazz Napier",203,55,97,23,1,133,12,46,55,0.00517502678846815,1294440,"PG"
"Andrew Nicholson",384,201,25,10,22,164,14,41,56,0.0154013578499215,2380594,"PF"
"Victor Oladipo",1153,345,282,116,54,545,42,153,72,0.0281244398059091,5192520,"SG"
"Elfrid Payton",778,261,468,89,20,412,78,177,73,0.0196533838444219,2505720,"PG"
"Jason Smith",546,219,62,33,65,259,13,57,76,0.0146669061817932,4300000,"C"
"Nikola Vucevic",1181,576,179,53,70,513,37,123,65,0.040084895239943,11250000,"C"
"C.J. Watson",142,66,88,19,5,90,5,25,33,0.00899819920498734,5e+06,"PG"
"Giannis Antetokounmpo",1350,612,345,94,113,500,113,208,80,0.032000320578849,1953960,"PG"
"Jerryd Bayless",541,141,163,47,11,252,20,73,52,0.018126336400668,3e+06,"SG"
"Michael Carter-Williams",623,276,281,80,41,304,56,153,54,0.0218343830404655,2399040,"PG"
"Jared Cunningham",16,9,1,2,0,10,1,3,4,0.00582201174508539,57726,"SG"
"Tyler Ennis",206,75,95,25,1,103,9,46,46,0.00805957913810751,1662360,"PG"
"John Henson",397,221,54,18,109,127,48,64,57,0.0182545244628912,2943221,"C"
"Damien Inglis",36,31,10,6,3,24,1,11,20,0.00398233160004363,855000,"SF"
"O.J. Mayo",321,105,118,48,8,202,9,72,41,0.0127374159478494,8e+06,"SG"
"Khris Middleton",1434,302,331,131,19,635,35,180,79,0.0294833090085373,1.5e+07,"SG"
"Greg Monroe",1210,696,178,72,67,450,80,129,79,0.0373976742415571,16400000,"C"
"Steve Novak",7,1,0,0,0,4,0,0,3,0.00284289448890648,416886,"PF"
"Johnny O'Bryant",200,176,32,18,8,123,13,31,66,0.00803970584626354,845059,"PF"
"Jabari Parker",1070,395,130,69,29,456,53,116,76,0.0285159596166569,5152440,"PF"
"Miles Plumlee",314,232,16,21,50,93,25,40,61,0.0146540566080851,2109294,"C"
"Greivis Vasquez",130,47,91,10,0,93,4,40,23,0.0091365412115802,6600000,"PG"
"Rashad Vaughn",217,88,39,29,16,185,3,28,70,0.00391619141988721,1733040,"SG"
"Arron Afflalo",909,266,144,25,10,445,21,82,71,0.0193848118759876,8e+06,"SG"
"Lou Amundson",52,49,12,6,7,34,13,15,29,0.00437690265423935,1650000,"PF"
"Thanasis Antetokounmpo",6,1,0,0,0,1,0,0,2,0.00527411155533843,105888,"SF"
"Carmelo Anthony",1573,556,299,62,38,740,69,176,72,0.0361727463176641,22875000,"SF"
"Jose Calderon",544,229,299,63,7,246,6,87,72,0.0168377697944616,7402812,"PG"
"Cleanthony Early",31,26,6,2,3,28,1,9,17,0.00276768821226406,845059,"SF"
"Jimmer Fredette",7,0,0,0,0,0,1,1,2,0.00472658396451518,59731,"SG"
"Langston Galloway",625,288,207,77,22,357,28,61,82,0.0141712844728055,845059,"PG"
"Jerian Grant",426,143,177,50,10,237,27,87,76,0.00906385710539072,1572360,"PG"
"Robin Lopez",842,602,114,16,129,305,33,133,82,0.0279234752627018,1.3e+07,"C"
"Kyle O'Quinn",309,250,72,20,49,142,14,61,65,0.0144815212720063,3750000,"PF"
"Kristaps Porzingis",1028,526,93,53,134,513,39,121,72,0.032141806155986,4131720,"PF"
"Kevin Seraphin",187,126,47,8,36,121,4,43,48,0.00889608319849255,2800000,"C"
"Lance Thomas",484,131,53,22,7,213,17,57,59,0.0142294185759152,1650000,"PF"
"Sasha Vujacic",296,149,84,34,5,171,7,44,61,0.00937097085565178,1356146,"SG"
"Derrick Williams",746,296,75,29,9,311,62,61,80,0.0154417892675219,4900000,"SF"
"Andrea Bargnani",304,97,18,4,9,152,10,26,46,0.0104017590444119,1362900,"C"
"Bojan Bogdanovic",887,255,99,29,5,425,22,115,79,0.0154733175443348,3425510,"SF"
"Markel Brown",363,122,91,38,15,195,23,54,62,0.00960915181226557,845059,"SG"
"Wayne Ellington",586,174,83,48,5,343,9,45,76,0.0110784654520631,1500000,"SG"
"Rondae Hollis-Jefferson",167,154,43,39,16,75,15,26,29,0.0168748243282207,1335480,"SF"
"Jarrett Jack",411,136,236,34,7,218,12,94,32,0.0235779485150077,6300000,"PG"
"Sergey Karasev",97,58,35,6,2,44,2,22,40,0.00537405497011669,1599840,"SF"
"Sean Kilpatrick",318,50,26,10,2,134,6,27,23,0.0181863173850916,320594,"SG"
"Shane Larkin",566,180,342,95,12,280,24,146,78,0.0143657733010984,1500000,"PG"
"Brook Lopez",1501,573,147,58,124,566,86,175,73,0.0412090570721044,2e+07,"C"
"Chris McCullough",112,68,9,28,12,65,12,15,24,0.0113163281700376,1140240,"PF"
"Willie Reed",182,122,10,6,30,57,25,16,39,0.0131291261109205,947276,"PF"
"Thomas Robinson",307,359,46,39,36,161,62,69,71,0.0139612744276595,981300,"PF"
"Henry Sims",91,72,9,9,14,44,5,12,14,0.0178020977547776,161622,"C"
"Donald Sloan",424,173,268,32,4,196,26,80,61,0.0148934736875517,1015421,"PG"
"Thaddeus Young",1102,660,135,112,37,468,58,136,73,0.0381476907504997,11200000,"PF"
"Elton Brand",70,63,18,9,8,41,1,11,17,0.012287845005791,890693,"C"
"Isaiah Canaan",846,174,137,56,12,462,30,91,77,0.0142554927748504,947276,"SG"
"Robert Covington",858,419,97,105,40,438,37,143,67,0.0221984660643292,1e+06,"SF"
"Jerami Grant",749,361,135,54,127,348,110,110,77,0.0180727432858266,845059,"SF"
"Richaun Holmes",287,135,33,19,40,108,23,32,51,0.0137668136445597,1050000,"PF"
"Carl Landry",351,146,32,12,9,111,24,22,36,0.0224341320064691,6500000,"PF"
"Kendall Marshall",111,28,73,16,2,75,4,43,30,0.00534138245083238,2144722,"PG"
"T.J. McConnell",493,250,367,95,10,246,15,140,81,0.0149737185999375,525093,"PG"
"Nerlens Noel",747,542,122,118,100,281,93,158,67,0.0305330917112351,3457800,"C"
"Jahlil Okafor",928,373,65,22,61,384,61,124,53,0.0322000721197269,4582680,"C"
"Phil Pressey",55,23,46,11,1,34,9,19,14,0.0078970969167634,172739,"PG"
"JaKarr Sampson",240,129,30,11,16,116,35,51,47,0.00798087683657739,845059,"SF"
"Ish Smith",733,213,348,64,18,440,44,130,50,0.0230415714587384,1100602,"PG"
"Nik Stauskas",617,183,138,44,20,335,27,94,73,0.012572916821983,2869440,"SG"
"Hollis Thompson",758,272,99,36,24,410,27,76,77,0.0147767980303021,947276,"SG"
"Sonny Weems",17,12,2,0,0,14,1,4,7,0.00285352648397961,2800000,"SF"
"Christian Wood",61,38,3,5,7,31,8,2,17,0.00870913819477472,305789,"PF"
"Tony Wroten",67,21,20,3,0,43,17,29,8,0.00459081136516514,2179354,"PG"
"Leandro Barbosa",433,117,82,44,10,199,10,53,68,0.0105429249896927,2500000,"SG"
"Harrison Barnes",774,325,117,41,10,338,32,57,66,0.021520306463574,3873398,"SF"
"Andrew Bogut",375,492,162,33,114,104,26,83,70,0.024633215475878,1.2e+07,"C"
"Ian Clark",236,68,64,17,13,113,6,43,66,0.00597540155720542,947276,"SG"
"Stephen Curry",2375,430,527,169,15,793,37,262,79,0.0479978529821131,11370786,"PG"
"Festus Ezeli",320,257,32,18,50,103,62,38,46,0.0197292845258402,2008748,"C"
"Draymond Green",1131,769,598,119,113,418,100,259,81,0.0458472314925869,14300000,"PF"
"Andre Iguodala",457,263,219,73,19,192,32,79,65,0.018326923727231,11710456,"SF"
"Shaun Livingston",488,169,237,57,27,176,13,78,78,0.0137489594883704,5543725,"PG"
"Kevon Looney",9,10,0,0,0,3,0,1,5,0.00614976449556785,1131960,"PF"
"James Michael McAdoo",117,58,17,10,8,39,23,16,41,0.00660146288681323,845059,"PF"
"Brandon Rush",305,181,57,20,23,149,10,33,72,0.00899768993531581,1270964,"SG"
"Marreese Speights",512,239,61,19,34,259,20,66,72,0.0137204798392141,3815000,"C"
"Klay Thompson",1771,306,166,60,49,735,28,138,80,0.0313418652208331,15500000,"SG"
"Anderson Varejao",58,50,15,5,5,27,13,6,22,0.00751780366028524,458575,"C"
"LaMarcus Aldridge",1331,632,110,38,81,509,43,99,74,0.0422596903616061,19500000,"PF"
"Kyle Anderson",350,244,123,60,29,157,21,59,78,0.0118319984685575,1142879,"SF"
"Matt Bonner",76,27,9,6,1,28,1,3,30,0.00548362213545617,1499187,"C"
"Rasual Butler",124,56,24,13,23,55,5,8,46,0.00600879126019823,1499187,"SF"
"Boris Diaw",485,233,176,26,21,181,20,97,76,0.0164310464914324,7e+06,"PF"
"Tim Duncan",522,447,163,47,78,226,39,90,61,0.0269672532544266,5e+06,"C"
"Manu Ginobili",555,146,177,66,11,238,21,99,58,0.017366255599314,2814000,"SG"
"Danny Green",572,303,141,79,64,350,12,75,79,0.0147210085555982,1e+07,"SG"
"Kawhi Leonard",1523,493,186,128,71,539,42,105,72,0.0399967332935901,16500000,"SF"
"Boban Marjanovic",297,194,21,12,23,69,27,29,54,0.0149140282637193,1200000,"C"
"Kevin Martin",99,29,12,9,2,55,2,13,16,0.00853965151413577,317475,"SG"
"Ray McCallum",68,31,33,5,4,40,1,11,31,0.00426355806952558,947276,"PG"
"Andre Miller",56,27,29,7,0,25,4,12,13,0.00911851545925351,396844,"PG"
"Patrick Mills",690,158,226,59,6,352,11,76,81,0.0132672486322234,3578947,"PG"
"Tony Parker",857,176,379,54,11,360,41,131,72,0.0202368074849418,13437500,"PG"
"Jonathon Simmons",331,96,58,24,5,120,23,53,55,0.00993476180114776,525093,"SG"
"David West",554,309,143,44,55,204,17,68,78,0.020435103229701,1499000,"PF"
"Steven Adams",636,533,62,42,89,165,82,84,80,0.0243447677337108,2279040,"C"
"Nick Collison",123,171,52,15,16,59,10,50,59,0.0084288103103021,3750000,"PF"
"Kevin Durant",2029,589,361,69,85,683,51,250,72,0.050463083353443,20158622,"SF"
"Randy Foye",151,51,49,13,13,97,5,28,27,0.00886023286016979,3270000,"SG"
"Josh Huestis",14,10,0,1,2,7,4,3,5,0.00552012436579541,1140240,"PF"
"Serge Ibaka",983,533,66,38,148,453,30,108,78,0.0301429373043535,12350000,"PF"
"Enes Kanter",1038,664,33,26,33,305,51,115,82,0.0310340067768832,16400000,"C"
"Mitch McGary",26,18,3,1,2,12,6,7,20,0.00260995386723196,1463040,"PF"
"Nazr Mohammed",8,4,0,0,0,2,0,3,5,0.00273846325653526,352750,"C"
"Anthony Morrow",380,62,24,22,5,197,10,17,68,0.00684977167252724,3344000,"SG"
"Cameron Payne",283,85,108,36,6,164,5,44,57,0.00807474044089734,2021520,"PG"
"Andre Roberson",337,251,47,53,42,138,21,35,70,0.0124558957898186,1210800,"SG"
"Kyle Singler",231,141,24,30,9,135,15,32,68,0.00612405332209089,5e+06,"SF"
"Dion Waiters",762,202,154,81,15,424,45,120,78,0.0135388259834561,5138430,"SG"
"Russell Westbrook",1878,626,834,163,20,788,108,342,80,0.0437148761271737,16744218,"PG"
"Cole Aldrich",328,288,50,47,68,91,24,64,60,0.0184097412208518,1100600,"C"
"Jeff Ayres",30,22,5,0,3,11,0,6,17,0.00468390021433929,317232,"C"
"Jamal Crawford",1120,145,183,52,12,560,26,113,79,0.0178317083249238,5675000,"SG"
"Branden Dawson",5,4,0,0,1,3,0,0,6,0.00231641751914997,525093,"PF"
"Jeff Green",293,91,40,18,21,153,25,24,27,0.0161297646406477,9200000,"SF"
"Blake Griffin",749,294,170,28,17,302,53,83,35,0.0468339566026432,18907725,"PF"
"Wesley Johnson",549,248,49,89,56,307,16,54,80,0.012405285264643,1100600,"SF"
"DeAndre Jordan",980,1059,90,51,177,151,353,107,77,0.044148548770374,19500000,"C"
"Luc Mbah a Moute",231,171,30,44,19,113,27,34,75,0.00852560526809398,1270964,"PF"
"Chris Paul",1446,310,738,152,13,599,34,194,74,0.037872834258207,21468696,"PG"
"Paul Pierce",417,186,71,33,17,253,12,58,68,0.00972939986102715,3400000,"SF"
"Pablo Prigioni",145,114,130,53,1,92,1,49,59,0.00748243311483094,981348,"PG"
"J.J. Redick",1226,139,106,42,5,458,23,78,75,0.0225041602900723,6867000,"SG"
"Austin Rivers",593,130,99,48,9,290,37,61,67,0.0125645962670353,3100000,"SG"
"Alex Stepheson",2,2,0,0,2,0,2,0,4,0.0020321137817527,61776,"PF"
"C.J. Wilcox",70,12,10,10,2,40,3,2,23,0.00432825849452074,1159680,"SG"
"Cliff Alexander",10,6,0,1,2,5,0,1,8,0.00322211434885321,525093,"PF"
"Al-Farouq Aminu",839,499,138,72,53,420,41,120,82,0.020475873439017,7500000,"SF"
"Pat Connaughton",36,32,10,2,0,36,0,10,34,0.00157039152148604,525093,"SG"
"Allen Crabbe",832,216,99,63,16,367,15,64,81,0.0164158214355485,947276,"SG"
"Ed Davis",526,599,88,57,72,131,90,64,81,0.0260848246768802,7e+06,"PF"
"Tim Frazier",51,39,42,10,1,40,7,27,35,0.00287465602054768,845059,"PG"
"Maurice Harkless",498,280,67,49,35,216,42,62,78,0.0129198025627856,2894059,"SF"
"Gerald Henderson",624,211,75,39,19,297,34,68,72,0.0134002560158688,6e+06,"SG"
"Chris Kaman",44,24,11,1,1,23,0,8,16,0.00578591638626934,5e+06,"C"
"Meyers Leonard",511,314,92,8,18,240,11,77,61,0.0201218625940515,3075880,"PF"
"Damian Lillard",1879,302,512,65,28,856,50,242,75,0.0340342778994075,4236287,"PG"
"C.J. McCollum",1666,259,341,97,23,790,39,196,80,0.0292489584238775,2525160,"SG"
"Luis Montero",14,4,1,0,0,14,1,4,12,-1.37030657933566e-06,525093,"SG"
"Mason Plumlee",749,628,226,68,85,250,120,154,82,0.0279279017860822,1415520,"C"
"Brian Roberts",60,12,16,3,1,27,2,7,21,0.00413953247917926,2854940,"PG"
"Noah Vonleh",283,305,30,27,26,161,13,50,78,0.0113891186701865,2637720,"PF"
"Justin Anderson",208,132,29,19,25,104,11,24,55,0.008095394840525,1449000,"SF"
"J.J. Barea",808,152,302,26,2,394,22,113,74,0.0159460868616201,4e+06,"PG"
"Jeremy Evans",71,54,2,6,9,22,6,7,30,0.00586939419632304,1100602,"SF"
"Raymond Felton",763,258,284,68,15,405,27,121,80,0.0158570412533168,3950313,"PG"
"Devin Harris",487,138,118,60,13,207,39,66,64,0.0121434014155937,4053000,"PG"
"Wesley Matthews",977,238,151,78,17,523,20,78,78,0.0182591732408276,16400000,"SG"
"JaVale McGee",172,133,3,5,26,57,18,21,34,0.0136493518624227,1270964,"C"
"Salah Mejri",125,123,10,8,36,29,19,23,34,0.012670552140198,525093,"C"
"Dirk Nowitzki",1372,489,132,52,52,614,30,84,75,0.0370048822358412,8333334,"PF"
"Zaza Pachulia",650,718,128,64,22,251,64,119,76,0.0282644987434467,5200000,"C"
"Chandler Parsons",837,285,169,46,21,331,43,95,61,0.0246199506082376,15361500,"SF"
"Dwight Powell",399,273,44,36,24,150,37,40,69,0.0160719812757175,845059,"PF"
"Charlie Villanueva",319,152,24,18,15,202,2,31,62,0.00949146597874347,1499187,"PF"
"Deron Williams",918,190,378,61,14,454,27,150,65,0.0219386182118591,5500000,"PG"
"Jordan Adams",7,2,3,3,0,4,2,2,2,0.00583951009453017,1404600,"SG"
"Tony Allen",535,296,70,110,18,254,48,78,64,0.0168056206592423,5168539,"SG"
"Chris Andersen",92,89,9,14,10,28,10,7,20,0.0158227887665209,5e+06,"C"
"Matt Barnes",758,420,163,78,57,429,27,121,76,0.0192568413270079,3542500,"SF"
"Vince Carter",395,146,56,38,16,210,14,35,60,0.0109073516471459,4088091,"SG"
"Mario Chalmers",595,143,211,80,12,240,43,101,55,0.018384101788997,4300000,"PG"
"Mike Conley",857,164,342,67,16,402,38,84,56,0.0253100855716873,9588426,"PG"
"Bryce Cotton",4,0,0,0,0,0,0,0,5,0.00130765244531875,64622,"PG"
"James Ennis",16,7,2,4,2,9,4,2,10,0.00258277361048928,845059,"SF"
"Jordan Farmar",110,25,37,15,2,58,0,18,12,0.0142994018704026,191456,"PG"
"Marc Gasol",861,362,196,50,70,379,42,118,52,0.0357303837262488,19700000,"C"
"JaMychal Green",578,373,67,46,33,265,34,83,78,0.0184346768541795,845059,"PF"
"P.J. Hairston",124,46,9,8,4,86,6,17,18,0.00760022811855162,1201440,"SF"
"Jarell Martin",153,86,15,8,7,62,17,19,27,0.0129821546830407,1230840,"PF"
"Xavier Munford",80,31,22,13,3,45,7,15,14,0.00970551319681087,89588,"SG"
"Zach Randolph",1040,529,142,43,13,476,44,105,68,0.0339642758537624,9638555,"PF"
"Russ Smith",23,9,11,5,1,15,5,7,15,0.00220214206527677,816482,"PG"
"Lance Stephenson",369,115,73,19,6,162,15,46,26,0.0233768407083472,9e+06,"SF"
"Elliot Williams",8,4,4,0,0,8,1,1,5,0.00178182828580938,55722,"PG"
"Brandan Wright",83,43,6,5,15,17,11,10,12,0.0192574081846579,5500000,"PF"
"Trevor Ariza",1025,366,188,160,26,502,35,113,81,0.022803670381055,8193030,"SF"
"Michael Beasley",255,98,16,11,9,98,11,24,20,0.0217322374824627,306527,"SF"
"Patrick Beverley",700,250,239,94,26,336,28,91,71,0.0181957541578217,6500000,"PG"
"Corey Brewer",590,199,109,84,19,340,35,78,82,0.0110411250848036,8200000,"SF"
"Clint Capela",542,494,47,59,92,166,131,60,77,0.0218215393374512,1242720,"C"
"Sam Dekker",0,1,0,1,0,0,0,0,3,0.00101114029608374,1646400,"SF"
"Andrew Goudelock",22,2,4,6,2,11,1,7,8,0.00315409580210714,200600,"PG"
"James Harden",2376,501,612,139,51,907,117,374,82,0.0476945780597074,15756438,"SG"
"Montrezl Harrell",140,65,17,11,11,32,22,17,39,0.00908542108042176,1e+06,"PF"
"Chuck Hayes",4,8,2,0,0,1,0,3,2,0.00902732161056557,83583,"C"
"Dwight Howard",976,835,98,69,113,228,242,166,71,0.0397260499397674,22359364,"C"
"Terrence Jones",434,211,41,23,39,201,39,49,50,0.0186029391129964,2489530,"PF"
"K.J. McDaniels",89,42,10,7,6,43,6,17,37,0.00394038509728843,3333333,"SF"
"Donatas Motiejunas",230,109,41,17,5,115,19,44,37,0.0121907453879637,2288205,"PF"
"Josh Smith",151,67,48,16,13,111,13,36,23,0.0111067772982009,1499000,"PF"
"Jason Terry",422,79,103,47,9,225,6,49,72,0.00890127736071962,1499187,"SG"
"Trevor Booker",463,452,84,59,41,198,35,81,79,0.0196680138468844,4775000,"PF"
"Trey Burke",679,112,148,35,6,372,15,80,64,0.0124871613531364,2658240,"PG"
"Alec Burks",412,109,63,18,4,197,35,51,31,0.0180168969337219,9213484,"SG"
"Derrick Favors",1016,503,94,74,91,393,74,104,62,0.0393280670524169,11933333,"PF"
"Rudy Gobert",557,668,91,45,135,156,122,114,61,0.0338753051901206,1175880,"C"
"Erick Green",13,5,2,1,0,7,0,0,6,0.00358293715435378,99418,"PG"
"Gordon Hayward",1578,397,296,95,27,681,84,202,80,0.0303080744532293,15409570,"SF"
"Rodney Hood",1149,267,213,73,16,564,28,125,79,0.0216126350033753,1348440,"SG"
"Joe Ingles",342,151,96,55,4,167,5,65,81,0.00835656307002759,2250000,"SF"
"Chris Johnson",205,132,45,32,20,122,8,40,70,0.00605499238834922,981348,"SF"
"Trey Lyles",488,299,59,26,18,245,25,65,80,0.0139901213735303,2239800,"PF"
"Shelvin Mack",355,106,149,26,3,178,13,81,28,0.0200352036486435,2433333,"PG"
"Elijah Millsap",36,35,19,7,3,28,5,9,20,0.00460972164401721,362878,"SG"
"Raul Neto",476,120,174,62,2,238,18,109,81,0.00887090720983688,1e+06,"PG"
"J.J. O'Brien",0,1,0,1,0,1,0,0,2,0.000640459102318224,105888,"SF"
"Tibor Pleiss",24,15,2,1,2,14,0,8,12,0.00345046678485426,3e+06,"C"
"Jeff Withey",217,173,20,21,53,75,16,28,51,0.0132181306566144,947276,"C"
"Quincy Acy",307,188,27,29,24,95,18,27,59,0.0148682670794396,981348,"PF"
"James Anderson",179,86,41,21,14,111,7,42,51,0.00576125144359002,1015421,"SG"
"Marco Belinelli",696,117,127,37,2,390,23,80,68,0.0123251479049657,6333333,"SG"
"Caron Butler",63,22,10,9,1,34,2,3,17,0.00645759687867853,1499187,"SF"
"Omri Casspi",813,410,95,56,17,323,56,94,69,0.0224550857133798,3e+06,"SF"
"Willie Cauley-Stein",463,352,37,48,66,148,44,46,66,0.0207153624603439,3398280,"C"
"Darren Collison",1035,169,318,76,4,399,32,130,74,0.0219417824893681,5013559,"PG"
"DeMarcus Cousins",1748,747,214,101,92,731,187,249,65,0.0516685561506012,14728844,"C"
"Seth Curry",299,60,67,22,3,122,9,36,44,0.0100623697579502,947276,"PG"
"Duje Dukan",6,4,1,1,0,8,0,0,1,0.00610769533279519,525093,"SF"
"Rudy Gay",1204,456,120,100,51,541,56,139,70,0.0286169725650066,12403101,"SF"
"Kosta Koufos",529,423,33,40,70,208,47,48,78,0.0191718383978285,7500000,"C"
"Ben McLemore",531,148,79,52,10,260,29,99,68,0.0108170392569311,3156600,"SG"
"Eric Moreland",8,11,1,0,4,3,2,3,8,0.00392880744608342,845059,"PF"
"Rajon Rondo",859,435,839,141,10,427,63,278,72,0.031424700931688,9500000,"PG"
"Darrell Arthur",527,293,96,53,48,268,13,66,70,0.0187666388800601,2814000,"PF"
"D.J. Augustin",325,52,132,25,2,127,17,54,28,0.018757330386111,3e+06,"PG"
"Will Barton",1178,476,203,71,39,558,52,139,82,0.0249674782925246,3333333,"SG"
"Kenneth Faried",835,581,79,32,60,277,86,91,67,0.034435254391849,11235955,"PF"
"Danilo Gallinari",1036,281,135,42,19,413,57,77,53,0.0312133681187783,1.4e+07,"SF"
"Gary Harris",932,220,147,97,18,406,24,98,76,0.0198404798184697,1587480,"SG"
"Nikola Jokic",796,560,189,79,50,293,36,104,80,0.0286379307508001,1300000,"C"
"Joffrey Lauvergne",465,290,56,13,15,185,7,54,59,0.0189603997683656,1709720,"C"
"Mike Miller",63,53,40,13,4,40,0,17,47,0.00393409502458891,1499187,"SF"
"Emmanuel Mudiay",872,232,372,65,35,576,69,217,68,0.0157864502704503,3102240,"PG"
"Jameer Nelson",299,115,190,25,5,194,5,66,39,0.014115797919964,4500000,"PG"
"Jusuf Nurkic",263,175,40,24,44,141,38,55,32,0.018400500788731,1842000,"C"
"Kostas Papanikolaou",67,40,16,13,5,42,5,21,26,0.00448959807182553,350000,"SF"
"Axel Toupane",76,31,15,7,6,45,4,6,21,0.00623150017627752,123552,"SF"
"Alexis Ajinca",352,269,31,19,36,165,10,54,59,0.0151797999663359,4300000,"C"
"Ryan Anderson",1124,396,73,38,25,532,29,90,66,0.031290524666761,8500000,"PF"
"Omer Asik",269,414,26,21,23,91,51,60,68,0.0153745671098346,1.1e+07,"C"
"Luke Babbitt",327,148,53,11,7,167,11,23,47,0.012344823496898,1100000,"SF"
"Norris Cole",477,151,167,37,5,288,13,75,45,0.015572554432908,3036927,"PG"
"Dante Cunningham",484,236,77,42,33,226,25,41,80,0.0119839271844284,3e+06,"SF"
"Anthony Davis",1481,627,116,78,125,576,104,121,61,0.0541794479228005,7070730,"PF"
"Bryce Dejean-Jones",79,48,15,10,2,41,10,11,14,0.0109312174165787,281659,"SG"
"Toney Douglas",531,143,157,70,5,262,15,64,61,0.0141880604038219,1164858,"PG"
"Tyreke Evans",379,129,164,32,8,178,19,73,25,0.0296139061516109,11227000,"SG"
"Alonzo Gee",325,245,72,63,13,123,22,55,73,0.0116483852114692,1375000,"SF"
"Eric Gordon",686,99,121,43,14,321,14,73,45,0.0211974657820021,15514031,"SG"
"Jordan Hamilton",125,62,25,8,3,67,7,17,11,0.0200205028110698,119462,"SF"
"Jrue Holiday",1089,195,391,88,22,525,34,167,65,0.0250378081732893,10595507,"PG"
"Orlando Johnson",10,6,2,1,0,13,1,3,5,0.000498592032677027,55722,"SG"
"Kendrick Perkins",91,128,31,11,11,35,14,41,37,0.00903539456196201,1499200,"C"
"Nate Robinson",0,0,4,1,0,1,0,0,2,0.00280674963176953,44000,"PG"
"Nemanja Bjelica",308,210,83,26,21,125,15,47,60,0.0150597024513988,4e+06,"PF"
"Gorgui Dieng",827,585,143,94,96,271,43,140,82,0.0290909787206583,1474440,"C"
"Kevin Garnett",122,150,62,28,10,61,7,16,38,0.0144418181776607,8500000,"PF"
"Tyus Jones",156,47,108,31,3,100,11,33,37,0.00810777817151465,1282080,"PG"
"Zach LaVine",1150,228,251,69,17,526,42,155,82,0.0207438354166738,2148360,"SG"
"Shabazz Muhammad",863,267,52,24,7,364,57,70,82,0.0152544433489361,2056920,"SF"
"Adreian Payne",132,111,29,16,11,92,9,36,52,0.00606885153432093,1938840,"PF"
"Nikola Pekovic",54,21,11,1,0,31,4,9,12,0.00694342047528127,12100000,"C"
"Tayshaun Prince",221,147,73,36,13,127,6,27,77,0.00694166405263899,1499187,"SF"
"Ricky Rubio",766,326,658,162,10,367,48,193,76,0.025871881625831,12365000,"PG"
"Damjan Rudez",75,20,11,3,1,37,0,13,33,0.00308487883186757,1149500,"SF"
"Greg Smith",43,42,6,4,1,14,10,7,18,0.00741495334275892,247623,"PF"
"Karl-Anthony Towns",1503,857,161,58,138,528,52,183,82,0.0448004359774679,5703600,"C"
"Andrew Wiggins",1675,292,164,78,46,700,135,182,81,0.0264531111534905,5758680,"SF"
"Eric Bledsoe",632,125,190,63,19,269,34,110,31,0.0306223104544138,13086957,"PG"
"Devin Booker",1048,187,200,44,20,500,41,160,76,0.0181009009217365,2127840,"SG"
"Lorenzo Brown",20,7,11,3,1,17,1,9,8,0.00267934673851617,111444,"PG"
"Tyson Chandler",472,576,64,36,44,131,65,93,66,0.0257409007765062,1.3e+07,"C"
"Archie Goodwin",505,142,118,27,13,246,63,100,57,0.0108601925474164,1160160,"PG"
"Cory Jefferson",22,16,0,0,1,13,2,0,8,0.0062076136156594,421449,"PF"
"John Jenkins",109,35,26,5,1,48,3,16,22,0.00842441187635555,981000,"SG"
"Brandon Knight",1018,202,263,61,20,524,27,177,52,0.0273515884216127,1.2e+07,"SG"
"Alex Len",703,594,97,38,62,360,65,145,78,0.0223899787974933,3807120,"C"
"Jon Leuer",567,373,72,38,30,242,24,75,67,0.022134926393655,1035000,"PF"
"Ronnie Price",331,99,147,74,13,186,10,70,62,0.00957908395774081,1499187,"PG"
"Mirza Teletovic",965,302,89,32,21,445,35,84,79,0.0219217432802951,5500000,"PF"
"P.J. Tucker",652,512,177,106,20,343,36,111,82,0.0194693649107134,5500000,"SF"
"T.J. Warren",515,147,44,37,16,220,19,32,47,0.0175923314466439,2041080,"SF"
"Alan Williams",29,38,5,4,5,14,5,6,10,0.0110791349252307,114285,"PF"
"Brandon Bass",473,285,74,33,55,143,23,42,66,0.0214370683810128,3e+06,"PF"
"Tarik Black",133,157,16,14,18,47,26,22,39,0.0117909318145234,845059,"C"
"Anthony Brown",115,70,19,14,5,87,3,15,29,0.00658293316184667,7e+05,"SF"
"Kobe Bryant",1161,247,184,62,13,715,49,129,66,0.0199420501818743,2.5e+07,"SF"
"Jordan Clarkson",1225,313,192,88,7,623,40,135,79,0.0222150722019204,845059,"SG"
"Roy Hibbert",481,398,95,32,110,229,28,76,81,0.0176713587030644,15500000,"C"
"Marcelo Huertas",237,90,182,26,7,133,2,80,53,0.00916362038316566,525093,"PG"
"Ryan Kelly",152,121,20,13,10,94,17,18,36,0.0103972578734771,1724250,"PF"
"Larry Nance Jr.",349,312,44,54,23,142,15,41,63,0.0184298736751572,1155600,"PF"
"Julius Randle",919,829,144,53,29,477,77,149,81,0.0314965142045294,3132240,"PF"
"D'Angelo Russell",1054,274,266,93,13,564,50,196,80,0.0171505819097105,5103120,"PG"
"Robert Sacre",87,72,14,4,10,44,13,12,25,0.00897461154315956,981348,"C"
"Lou Williams",1028,169,167,62,19,410,72,107,67,0.0221905422899444,7e+06,"SG"
"Metta World Peace",176,89,27,22,11,122,17,15,35,0.00796957373466959,1499187,"SF"
"Nick Young",392,97,34,23,7,246,13,30,54,0.00831028725986108,5219169,"SG"
