"","player","salaries","position","height","weight","G","FG","FGA","FT","FTA","TRB","AST","STL","BLK","TOV","PF","PTS","Team"
"1","Matthew Dellavedova",1147280,"PG",76,198,76,207,511,57,66,162,337,44,9,116,178,569,"CLE"
"2","Channing Frye",7807579,"C",83,255,26,71,161,11,14,93,26,8,8,13,56,196,"CLE"
"3","Kyrie Irving",14746000,"PG",75,193,53,394,879,169,191,157,249,56,18,124,107,1041,"CLE"
"4","LeBron James",22971000,"SF",80,250,76,737,1416,359,491,565,514,104,49,249,143,1920,"CLE"
"5","Richard Jefferson",1499000,"SF",79,233,74,143,312,58,87,128,59,33,14,43,129,410,"CLE"
"6","Dahntay Jones",8819,"SF",78,225,1,6,14,0,0,5,2,1,2,0,6,13,"CLE"
"7","James Jones",1499000,"SF",80,218,48,58,142,21,26,50,14,11,10,13,50,178,"CLE"
"8","Sasha Kaun",1300000,"C",83,260,25,9,17,5,11,26,3,4,5,7,11,23,"CLE"
"9","Kevin Love",19500000,"PF",82,251,77,409,977,258,314,762,186,58,41,142,159,1234,"CLE"
"10","Jordan McRae",172972,"PG",78,185,15,23,52,9,13,12,15,0,1,9,10,62,"CLE"
"11","Timofey Mozgov",4950000,"C",85,275,76,203,359,68,95,337,33,22,57,71,159,475,"CLE"
"12","Iman Shumpert",9e+06,"SG",77,220,54,114,305,40,51,203,92,54,19,57,119,311,"CLE"
"13","J.R. Smith",5e+06,"SG",78,225,77,353,850,45,71,217,130,81,21,59,204,955,"CLE"
"14","Tristan Thompson",14260870,"PF",81,238,82,247,420,149,242,738,62,38,51,61,202,643,"CLE"
"15","Mo Williams",2100000,"PG",73,198,41,132,302,38,42,72,98,14,5,57,60,338,"CLE"
"16","Anthony Bennett",947276,"PF",80,245,19,8,27,9,10,23,0,5,0,4,8,28,"TOR"
"17","Bismack Biyombo",3e+06,"C",81,255,82,156,288,142,226,655,29,19,133,71,225,454,"TOR"
"18","Bruno Caboclo",1524000,"SF",81,218,6,1,12,0,0,2,1,2,1,4,2,3,"TOR"
"19","DeMarre Carroll",13500000,"SF",80,215,26,105,270,30,50,122,27,44,6,28,63,286,"TOR"
"20","DeMar DeRozan",9500000,"SG",79,221,78,614,1377,555,653,349,315,81,21,175,167,1830,"TOR"
"21","James Johnson",2500000,"PF",81,250,57,114,240,39,68,126,67,29,33,54,84,287,"TOR"
"22","Cory Joseph",7e+06,"SG",75,193,80,257,585,133,174,210,250,63,20,102,131,677,"TOR"
"23","Kyle Lowry",1.2e+07,"PG",73,196,77,512,1198,398,491,365,494,158,34,225,211,1634,"TOR"
"24","Lucas Nogueira",1842000,"C",84,241,29,28,44,8,15,46,7,12,12,11,29,65,"TOR"
"25","Patrick Patterson",6268675,"PF",81,230,79,204,493,29,34,342,94,53,32,65,128,543,"TOR"
"26","Norman Powell",650000,"SG",76,215,49,97,229,43,53,111,47,29,10,32,59,273,"TOR"
"27","Terrence Ross",3553917,"SF",79,206,73,270,626,49,62,185,56,54,25,46,120,720,"TOR"
"28","Luis Scola",3e+06,"PF",81,240,76,269,598,61,84,360,66,46,27,68,178,664,"TOR"
"29","Jason Thompson",328955,"C",83,250,19,32,66,18,22,80,10,8,12,8,40,87,"TOR"
"30","Jonas Valanciunas",4660482,"C",84,265,60,303,536,162,213,547,42,25,80,85,158,768,"TOR"
"31","Delon Wright",1509360,"PG",77,183,27,36,80,26,35,37,31,8,3,16,7,103,"TOR"
"32","Chris Bosh",22192730,"PF",83,235,53,358,767,213,268,390,128,36,34,78,101,1010,"MIA"
"33","Luol Deng",10151612,"PF",81,220,74,339,745,145,192,443,140,74,29,81,122,911,"MIA"
"34","Goran Dragic",14780000,"PG",75,190,72,417,875,120,165,277,419,71,17,185,188,1018,"MIA"
"35","Gerald Green",1356000,"SG",79,205,69,230,587,72,92,163,56,38,19,46,123,616,"MIA"
"36","Udonis Haslem",2854940,"PF",80,235,37,23,61,12,16,75,14,5,2,5,25,59,"MIA"
"37","Joe Johnson",414481,"SF",79,240,24,130,251,26,34,68,86,21,2,43,46,321,"MIA"
"38","Tyler Johnson",845059,"SG",76,186,36,118,243,51,64,109,79,24,14,47,66,314,"MIA"
"39","Josh McRoberts",5543725,"PF",82,240,42,55,148,28,40,105,81,18,7,30,68,150,"MIA"
"40","Josh Richardson",525093,"SG",78,200,52,123,272,42,63,107,73,36,25,35,107,341,"MIA"
"41","Amar'e Stoudemire",1499187,"C",82,245,52,125,221,50,67,222,27,18,41,47,92,300,"MIA"
"42","Beno Udrih",2170465,"PG",75,205,36,66,152,15,17,63,90,11,0,42,40,158,"MIA"
"43","Dwyane Wade",2e+07,"SG",76,220,74,540,1183,322,406,302,344,79,42,203,116,1409,"MIA"
"44","Briante Weber",12355,"PG",74,165,1,1,1,0,0,1,1,0,0,0,1,2,"MIA"
"45","Hassan Whiteside",981348,"C",84,265,73,413,682,214,329,865,30,44,269,137,201,1040,"MIA"
"46","Justise Winslow",2481720,"SF",79,225,78,195,462,80,117,403,117,68,26,95,184,502,"MIA"
"47","Kent Bazemore",2e+06,"SF",77,201,75,320,725,123,151,379,171,98,38,138,176,872,"ATL"
"48","Tim Hardaway",1304520,"SG",78,205,51,114,265,50,56,86,51,21,7,23,48,326,"ATL"
"49","Kirk Hinrich",2870000,"PG",76,190,11,2,11,0,0,12,14,2,1,3,1,5,"ATL"
"50","Al Horford",1.2e+07,"C",82,245,82,529,1048,103,129,596,263,68,121,107,163,1249,"ATL"
"51","Kris Humphries",388025,"PF",81,235,21,47,101,32,45,71,13,10,7,14,44,134,"ATL"
"52","Kyle Korver",5746479,"SG",79,212,80,268,616,45,54,260,164,60,35,98,161,739,"ATL"
"53","Paul Millsap",1.9e+07,"PF",80,246,81,501,1066,309,408,732,265,147,139,191,237,1385,"ATL"
"54","Mike Muscala",947276,"C",83,240,60,76,152,31,39,117,34,13,27,27,72,195,"ATL"
"55","Lamar Patterson",525093,"SG",77,225,35,28,80,16,22,50,39,9,2,23,45,84,"ATL"
"56","Dennis Schroder",1763400,"PG",73,172,80,329,781,144,182,204,349,70,9,183,138,879,"ATL"
"57","Mike Scott",3333333,"PF",80,237,75,176,376,50,63,206,78,25,17,42,102,464,"ATL"
"58","Thabo Sefolosha",4e+06,"SF",79,220,75,188,372,62,99,334,107,85,37,68,109,480,"ATL"
"59","Tiago Splitter",8500000,"C",83,245,36,81,155,39,48,120,30,20,12,24,71,201,"ATL"
"60","Walter Tavares",1e+06,"C",87,260,11,11,19,3,8,21,3,1,6,5,8,25,"ATL"
"61","Jeff Teague",8e+06,"PG",74,186,79,434,988,261,312,214,470,97,24,218,167,1239,"ATL"
"62","Avery Bradley",7730337,"SG",74,180,76,456,1019,96,123,220,158,117,19,109,164,1155,"BOS"
"63","Coty Clarke",61776,"SF",79,232,3,2,4,0,0,1,0,0,0,1,0,6,"BOS"
"64","Jae Crowder",6e+06,"SF",78,235,73,360,813,196,239,373,135,126,35,83,198,1038,"BOS"
"65","R.J. Hunter",1148640,"SG",77,185,36,36,98,6,7,37,13,14,4,11,29,97,"BOS"
"66","Jonas Jerebko",5e+06,"PF",82,231,78,118,286,61,78,288,62,20,24,52,137,340,"BOS"
"67","Amir Johnson",1.2e+07,"PF",81,240,79,249,426,69,121,505,138,52,83,94,214,577,"BOS"
"68","David Lee",15493680,"PF",81,245,30,87,192,40,51,130,54,12,13,38,51,214,"BOS"
"69","Jordan Mickey",1200000,"PF",80,235,16,8,22,5,10,13,1,0,11,1,5,21,"BOS"
"70","Kelly Olynyk",2165160,"C",84,238,69,253,556,96,128,281,105,52,33,74,163,687,"BOS"
"71","Terry Rozier",1824360,"PG",74,190,39,29,106,8,10,63,37,6,1,19,23,72,"BOS"
"72","Marcus Smart",3431040,"PG",76,220,61,184,529,129,166,255,185,91,18,80,183,558,"BOS"
"73","Jared Sullinger",2269260,"PF",81,260,81,351,806,103,161,673,187,75,47,102,209,834,"BOS"
"74","Isaiah Thomas",6912869,"PG",69,185,82,591,1382,474,544,243,509,91,9,220,167,1823,"BOS"
"75","Evan Turner",3425510,"SG",79,220,81,343,753,148,179,397,359,80,28,169,139,854,"BOS"
"76","James Young",1749840,"SG",78,215,29,11,36,1,4,26,9,6,1,5,17,29,"BOS"
"77","Tyler Zeller",2616975,"C",84,253,60,138,290,88,108,178,29,10,22,46,97,364,"BOS"
"78","Nicolas Batum",12235750,"SF",80,200,70,372,873,163,192,428,403,65,43,205,114,1046,"CHO"
"79","Troy Daniels",947276,"SG",76,205,43,89,187,5,9,57,21,11,3,24,40,242,"CHO"
"80","Jorge Gutierrez",301444,"PG",75,191,12,6,11,10,11,7,17,3,0,6,3,22,"CHO"
"81","Tyler Hansbrough",1185784,"PF",81,250,44,32,71,38,65,89,8,12,7,12,55,104,"CHO"
"82","Aaron Harrison",525093,"SG",78,210,21,5,19,5,12,15,2,6,0,4,10,18,"CHO"
"83","Spencer Hawes",5543725,"PF",85,245,57,124,306,54,65,244,109,22,27,58,111,340,"CHO"
"84","Al Jefferson",13833333,"C",82,289,47,245,505,72,111,301,70,30,41,34,117,562,"CHO"
"85","Frank Kaminsky",2612500,"C",84,242,81,215,525,108,148,335,98,38,43,58,126,606,"CHO"
"86","Michael Kidd-Gilchrist",6331404,"SF",79,232,7,33,61,20,29,45,9,3,3,8,9,89,"CHO"
"87","Jeremy Lamb",3034356,"SG",77,185,66,230,510,64,88,252,77,42,30,50,105,580,"CHO"
"88","Courtney Lee",5675000,"SG",77,200,28,98,220,23,26,87,60,33,12,23,55,250,"CHO"
"89","Jeremy Lin",2100000,"SG",75,200,78,300,728,238,292,253,235,58,42,150,165,914,"CHO"
"90","Kemba Walker",1.2e+07,"PG",73,172,81,568,1331,371,438,357,421,126,39,171,111,1689,"CHO"
"91","Marvin Williams",7e+06,"PF",81,237,81,338,747,120,144,521,110,58,77,62,133,948,"CHO"
"92","Cody Zeller",4204200,"C",84,240,73,231,437,175,232,455,71,57,63,68,204,638,"CHO"
"93","Lavoy Allen",3700000,"PF",81,260,79,191,370,46,73,424,76,26,42,69,147,428,"IND"
"94","Chase Budinger",5e+06,"SF",79,209,49,81,194,34,48,121,49,29,9,31,46,216,"IND"
"95","Rakeem Christmas",1e+06,"PF",81,250,1,2,2,0,0,1,0,0,0,0,1,4,"IND"
"96","Monta Ellis",10300000,"SG",75,185,81,436,1021,162,206,271,383,150,37,203,174,1121,"IND"
"97","Paul George",17120106,"SF",81,220,81,605,1449,454,528,563,329,152,29,265,230,1874,"IND"
"98","George Hill",8e+06,"PG",75,188,74,326,739,114,150,298,259,83,17,101,149,894,"IND"
"99","Jordan Hill",4e+06,"C",82,235,73,278,549,89,125,451,87,36,37,92,155,645,"IND"
"100","Solomon Hill",1358880,"SF",79,225,59,93,208,36,42,166,57,37,11,33,68,246,"IND"
"101","Ty Lawson",265058,"PG",71,195,13,28,67,3,6,31,57,10,1,13,16,64,"IND"
"102","Ian Mahinmi",4e+06,"C",83,250,71,264,448,132,225,507,104,65,75,100,220,660,"IND"
"103","C.J. Miles",4394225,"SF",78,225,64,259,634,93,124,175,63,53,29,70,142,753,"IND"
"104","Glenn Robinson",845000,"SF",78,222,45,65,151,27,39,68,26,17,9,18,21,171,"IND"
"105","Rodney Stuckey",6500000,"PG",77,210,58,183,443,131,158,156,142,43,8,76,77,517,"IND"
"106","Myles Turner",2357760,"C",83,243,60,264,530,88,121,332,41,25,86,67,158,619,"IND"
"107","Shayne Whittington",845059,"PF",83,250,7,5,11,1,2,12,3,1,1,5,7,11,"IND"
"108","Joel Anthony",2500000,"C",81,245,19,6,10,6,8,21,1,2,12,2,15,18,"DET"
"109","Aron Baynes",6500000,"C",82,260,81,194,384,126,165,384,51,21,52,67,151,514,"DET"
"110","Steve Blake",2170465,"PG",75,172,58,93,240,16,20,89,200,24,5,81,70,254,"DET"
"111","Reggie Bullock",1252440,"SF",79,205,37,43,98,14,15,68,27,10,2,8,29,122,"DET"
"112","Kentavious Caldwell-Pope",2891760,"SG",77,205,76,403,960,185,228,282,138,110,17,105,167,1105,"DET"
"113","Spencer Dinwiddie",845059,"PG",78,200,12,19,54,19,33,17,22,3,0,7,20,58,"DET"
"114","Andre Drummond",3272091,"C",83,279,81,552,1060,208,586,1198,67,119,112,155,245,1314,"DET"
"115","Justin Harper",99418,"PF",82,225,5,4,10,1,2,1,0,1,0,2,3,13,"DET"
"116","Tobias Harris",1.6e+07,"PF",81,235,27,166,348,82,90,168,70,18,12,30,62,447,"DET"
"117","Darrun Hilliard",525093,"SG",78,205,38,52,131,29,40,45,27,9,1,19,28,152,"DET"
"118","Reggie Jackson",1.4e+07,"PG",75,208,79,540,1244,291,337,253,492,59,11,223,187,1489,"DET"
"119","Stanley Johnson",2841960,"SF",79,245,73,225,600,80,102,306,118,55,12,114,178,593,"DET"
"120","Jodie Meeks",6270000,"SG",76,210,3,7,20,4,4,5,3,0,0,1,2,22,"DET"
"121","Marcus Morris",5e+06,"SF",81,235,80,410,945,203,271,404,201,67,23,140,170,1131,"DET"
"122","Anthony Tolliver",3e+06,"PF",80,240,72,128,332,29,47,229,52,26,16,28,86,383,"DET"
"123","Cameron Bairstow",845059,"C",81,250,18,13,40,7,8,28,6,2,3,4,19,34,"CHI"
"124","Aaron Brooks",2e+06,"PG",72,161,69,188,469,49,64,101,180,30,10,82,132,491,"CHI"
"125","Jimmy Butler",15260000,"SG",79,220,67,470,1035,395,475,358,321,110,43,132,124,1399,"CHI"
"126","Mike Dunleavy",4500000,"SF",81,230,31,77,188,29,37,83,39,14,10,26,66,222,"CHI"
"127","Cristiano Felicio",525090,"C",82,275,31,40,72,25,35,102,26,6,13,13,31,105,"CHI"
"128","Pau Gasol",7448760,"C",84,250,72,467,995,229,289,793,294,42,146,164,148,1187,"CHI"
"129","Taj Gibson",8500000,"PF",81,225,73,263,500,101,146,504,106,47,77,78,180,627,"CHI"
"130","Justin Holiday",947300,"SG",78,185,27,64,155,22,27,63,45,19,15,26,40,176,"CHI"
"131","Doug McDermott",2380440,"SF",80,225,81,291,644,72,84,195,59,14,6,53,127,764,"CHI"
"132","Nikola Mirotic",5543725,"PF",82,220,66,248,609,146,181,362,100,58,46,102,151,777,"CHI"
"133","E'Twaun Moore",1015421,"SG",76,191,59,187,389,22,35,133,99,37,18,53,103,443,"CHI"
"134","Joakim Noah",13400000,"C",83,230,29,51,133,22,45,255,110,18,29,52,77,124,"CHI"
"135","Bobby Portis",1391160,"PF",83,230,62,186,436,48,66,337,52,25,22,54,100,436,"CHI"
"136","Derrick Rose",20093063,"PG",75,190,66,447,1048,142,179,225,311,44,14,175,84,1080,"CHI"
"137","Tony Snell",1535880,"SF",79,200,64,126,339,30,33,199,63,16,17,52,100,338,"CHI"
"138","Alan Anderson",4e+06,"SG",78,220,13,21,59,11,15,27,14,4,1,2,25,65,"WAS"
"139","Bradley Beal",5694674,"SG",77,207,55,359,799,135,176,188,162,54,11,112,117,958,"WAS"
"140","Jared Dudley",4250000,"PF",79,225,81,233,487,72,98,286,170,75,18,80,190,638,"WAS"
"141","Jarell Eddie",561716,"SF",79,218,26,20,65,8,8,23,5,5,1,1,5,63,"WAS"
"142","Drew Gooden",3300000,"PF",82,250,30,33,103,9,14,85,13,8,11,13,40,82,"WAS"
"143","Marcin Gortat",11217391,"C",83,240,75,433,764,146,207,741,106,47,96,121,193,1012,"WAS"
"144","J.J. Hickson",366337,"C",81,242,15,25,46,19,44,45,7,5,2,9,12,69,"WAS"
"145","Nene Hilario",1.3e+07,"PF",83,250,57,209,384,107,185,259,97,54,26,76,156,525,"WAS"
"146","Ryan Hollins",176375,"C",84,240,5,4,7,0,0,11,0,0,1,3,4,8,"WAS"
"147","Markieff Morris",8e+06,"PF",82,245,27,134,287,42,55,158,37,25,17,45,80,335,"WAS"
"148","Gary Neal",2100000,"SG",76,210,40,151,325,47,55,83,47,20,1,29,55,390,"WAS"
"149","Kelly Oubre",1920240,"SF",79,205,63,90,211,31,49,133,13,22,7,34,100,236,"WAS"
"150","Otto Porter",4662960,"SF",80,198,75,339,717,95,126,391,120,105,32,70,163,871,"WAS"
"151","Ramon Sessions",2170465,"PG",75,190,82,280,592,214,283,203,239,46,5,115,102,810,"WAS"
"152","Garrett Temple",1100602,"SF",78,195,80,201,505,91,125,212,140,69,18,64,195,582,"WAS"
"153","Marcus Thornton",251107,"SG",76,205,14,42,107,16,21,35,19,13,1,11,17,118,"WAS"
"154","John Wall",15851950,"PG",76,195,77,572,1349,272,344,379,789,145,59,318,159,1531,"WAS"
"155","Keith Appling",161776,"PG",73,185,5,2,8,2,2,1,1,1,0,3,5,6,"ORL"
"156","Dewayne Dedmon",947278,"C",84,245,58,99,177,57,76,228,13,22,46,32,109,255,"ORL"
"157","Evan Fournier",2288205,"SF",79,205,79,429,929,199,238,225,213,96,2,133,214,1213,"ORL"
"158","Aaron Gordon",4171680,"PF",81,220,78,274,579,129,193,507,128,59,55,66,153,719,"ORL"
"159","Mario Hezonja",3741480,"SF",80,215,79,181,418,49,54,176,109,39,17,97,124,478,"ORL"
"160","Ersan Ilyasova",7900000,"PF",82,235,22,64,153,32,45,121,12,14,6,12,51,178,"ORL"
"161","Brandon Jennings",8344497,"PG",73,170,25,59,161,30,40,50,100,18,5,35,33,175,"ORL"
"162","Devyn Marble",845059,"SG",78,200,28,21,71,10,24,38,12,13,1,7,25,60,"ORL"
"163","Shabazz Napier",1294440,"PG",73,175,55,68,201,33,45,55,97,23,1,46,38,203,"ORL"
"164","Andrew Nicholson",2380594,"PF",81,250,56,146,310,51,65,201,25,10,22,41,69,384,"ORL"
"165","Victor Oladipo",5192520,"SG",76,210,72,425,970,205,247,345,282,116,54,153,174,1153,"ORL"
"166","Elfrid Payton",2505720,"PG",76,185,73,318,730,112,190,261,468,89,20,177,159,778,"ORL"
"167","Jason Smith",4300000,"C",84,245,76,244,503,54,67,219,62,33,65,57,163,546,"ORL"
"168","Nikola Vucevic",11250000,"C",84,260,65,533,1046,113,150,576,179,53,70,123,173,1181,"ORL"
"169","C.J. Watson",5e+06,"PG",74,175,33,47,137,34,39,66,88,19,5,25,49,142,"ORL"
"170","Giannis Antetokounmpo",1953960,"PG",83,222,80,513,1013,296,409,612,345,94,113,208,258,1350,"MIL"
"171","Jerryd Bayless",3e+06,"SG",75,200,52,185,437,70,90,141,163,47,11,73,111,541,"MIL"
"172","Michael Carter-Williams",2399040,"PG",78,190,54,251,555,106,162,276,281,80,41,153,162,623,"MIL"
"173","Jared Cunningham",57726,"SG",76,195,4,4,14,6,7,9,1,2,0,3,4,16,"MIL"
"174","Tyler Ennis",1662360,"PG",75,194,46,84,187,25,34,75,95,25,1,46,64,206,"MIL"
"175","John Henson",2943221,"C",83,229,57,164,291,69,117,221,54,18,109,64,131,397,"MIL"
"176","Damien Inglis",855000,"SF",80,246,20,13,37,7,8,31,10,6,3,11,11,36,"MIL"
"177","O.J. Mayo",8e+06,"SG",77,210,41,119,321,31,40,105,118,48,8,72,126,321,"MIL"
"178","Khris Middleton",1.5e+07,"SG",80,234,79,507,1142,277,312,302,331,131,19,180,204,1434,"MIL"
"179","Greg Monroe",16400000,"C",83,265,79,491,941,228,308,696,178,72,67,129,163,1210,"MIL"
"180","Steve Novak",416886,"PF",82,225,3,2,6,1,1,1,0,0,0,0,2,7,"MIL"
"181","Johnny O'Bryant",845059,"PF",81,257,66,86,209,27,40,176,32,18,8,31,100,200,"MIL"
"182","Jabari Parker",5152440,"PF",80,250,76,443,899,175,228,395,130,69,29,116,154,1070,"MIL"
"183","Miles Plumlee",2109294,"C",83,249,61,140,233,34,59,232,16,21,50,40,73,314,"MIL"
"184","Greivis Vasquez",6600000,"PG",78,217,23,45,138,22,26,47,91,10,0,40,42,130,"MIL"
"185","Rashad Vaughn",1733040,"SG",78,202,70,81,266,12,15,88,39,29,16,28,73,217,"MIL"
"186","Arron Afflalo",8e+06,"SG",77,210,71,354,799,110,131,266,144,25,10,82,142,909,"NYK"
"187","Lou Amundson",1650000,"PF",81,220,29,19,53,14,27,49,12,6,7,15,44,52,"NYK"
"188","Thanasis Antetokounmpo",105888,"SF",79,205,2,3,4,0,0,1,0,0,0,0,2,6,"NYK"
"189","Carmelo Anthony",22875000,"SF",80,240,72,567,1307,334,403,556,299,62,38,176,180,1573,"NYK"
"190","Jose Calderon",7402812,"PG",75,200,72,209,455,42,48,229,299,63,7,87,135,544,"NYK"
"191","Cleanthony Early",845059,"SF",80,210,17,12,40,3,4,26,6,2,3,9,16,31,"NYK"
"192","Jimmer Fredette",59731,"SG",74,195,2,1,1,4,5,0,0,0,0,1,1,7,"NYK"
"193","Langston Galloway",845059,"PG",74,200,82,231,588,86,114,288,207,77,22,61,177,625,"NYK"
"194","Jerian Grant",1572360,"PG",76,195,76,154,391,96,123,143,177,50,10,87,97,426,"NYK"
"195","Robin Lopez",1.3e+07,"C",84,255,82,357,662,128,161,602,114,16,129,133,182,842,"NYK"
"196","Kyle O'Quinn",3750000,"PF",82,250,65,129,271,46,60,250,72,20,49,61,107,309,"NYK"
"197","Kristaps Porzingis",4131720,"PF",87,240,72,373,886,201,240,526,93,53,134,121,205,1028,"NYK"
"198","Kevin Seraphin",2800000,"C",81,285,48,84,205,19,23,126,47,8,36,43,67,187,"NYK"
"199","Lance Thomas",1650000,"PF",80,235,59,169,382,102,119,131,53,22,7,57,109,484,"NYK"
"200","Sasha Vujacic",1356146,"SG",79,195,61,106,277,32,39,149,84,34,5,44,83,296,"NYK"
"201","Derrick Williams",4900000,"SF",80,240,80,254,565,194,256,296,75,29,9,61,69,746,"NYK"
"202","Andrea Bargnani",1362900,"C",84,245,46,127,279,47,57,97,18,4,9,26,61,304,"BRK"
"203","Bojan Bogdanovic",3425510,"SF",80,216,79,324,749,110,132,255,99,29,5,115,119,887,"BRK"
"204","Markel Brown",845059,"SG",75,190,62,127,322,71,94,122,91,38,15,54,94,363,"BRK"
"205","Wayne Ellington",1500000,"SG",76,200,76,218,561,54,63,174,83,48,5,45,82,586,"BRK"
"206","Rondae Hollis-Jefferson",1335480,"SF",79,220,29,63,138,37,52,154,43,39,16,26,61,167,"BRK"
"207","Jarrett Jack",6300000,"PG",75,200,32,140,358,100,112,136,236,34,7,94,77,411,"BRK"
"208","Sergey Karasev",1599840,"SF",79,208,40,30,74,26,28,58,35,6,2,22,27,97,"BRK"
"209","Sean Kilpatrick",320594,"SG",76,210,23,115,249,53,59,50,26,10,2,27,30,318,"BRK"
"210","Shane Larkin",1500000,"PG",71,175,78,222,502,83,107,180,342,95,12,146,121,566,"BRK"
"211","Brook Lopez",2e+07,"C",84,275,73,591,1157,317,403,573,147,58,124,175,215,1501,"BRK"
"212","Chris McCullough",1140240,"PF",83,200,24,44,109,11,23,68,9,28,12,15,39,112,"BRK"
"213","Willie Reed",947276,"PF",82,220,39,76,133,30,55,122,10,6,30,16,47,182,"BRK"
"214","Thomas Robinson",981300,"PF",82,237,71,130,291,47,109,359,46,39,36,69,111,307,"BRK"
"215","Henry Sims",161622,"C",82,248,14,33,77,25,30,72,9,9,14,12,37,91,"BRK"
"216","Donald Sloan",1015421,"PG",75,205,61,154,350,78,104,173,268,32,4,80,73,424,"BRK"
"217","Thaddeus Young",11200000,"PF",80,221,73,495,963,105,163,660,135,112,37,136,182,1102,"BRK"
"218","Elton Brand",890693,"C",80,275,17,31,72,8,9,63,18,9,8,11,32,70,"PHI"
"219","Isaiah Canaan",947276,"SG",72,201,77,260,722,150,180,174,137,56,12,91,133,846,"PHI"
"220","Robert Covington",1e+06,"SF",81,215,67,274,712,140,177,419,97,105,40,143,232,858,"PHI"
"221","Jerami Grant",845059,"SF",80,210,77,251,599,212,322,361,135,54,127,110,215,749,"PHI"
"222","Richaun Holmes",1050000,"PF",82,245,51,114,222,51,74,135,33,19,40,32,92,287,"PHI"
"223","Carl Landry",6500000,"PF",81,248,36,139,250,67,91,146,32,12,9,22,69,351,"PHI"
"224","Kendall Marshall",2144722,"PG",76,200,30,43,118,9,13,28,73,16,2,43,30,111,"PHI"
"225","T.J. McConnell",525093,"PG",74,200,81,218,464,26,41,250,367,95,10,140,114,493,"PHI"
"226","Nerlens Noel",3457800,"C",83,228,67,306,587,134,227,542,122,118,100,158,192,747,"PHI"
"227","Jahlil Okafor",4582680,"C",83,275,53,397,781,133,194,373,65,22,61,124,140,928,"PHI"
"228","Phil Pressey",172739,"PG",71,175,14,21,55,9,18,23,46,11,1,19,14,55,"PHI"
"229","JaKarr Sampson",845059,"SF",81,214,47,86,202,62,97,129,30,11,16,51,91,240,"PHI"
"230","Ish Smith",1100602,"PG",72,175,50,299,739,89,133,213,348,64,18,130,95,733,"PHI"
"231","Nik Stauskas",2869440,"SG",78,205,73,210,545,91,118,183,138,44,20,94,115,617,"PHI"
"232","Hollis Thompson",947276,"SG",80,206,77,270,680,69,96,272,99,36,24,76,187,758,"PHI"
"233","Sonny Weems",2800000,"SF",78,205,7,7,21,1,2,12,2,0,0,4,7,17,"PHI"
"234","Christian Wood",305789,"PF",83,220,17,22,53,13,21,38,3,5,7,2,11,61,"PHI"
"235","Tony Wroten",2179354,"PG",78,205,8,22,65,20,37,21,20,3,0,29,11,67,"PHI"
"236","Leandro Barbosa",2500000,"SG",75,194,68,171,370,52,62,117,82,44,10,53,107,433,"GSW"
"237","Harrison Barnes",3873398,"SF",80,210,66,295,633,102,134,325,117,41,10,57,136,774,"GSW"
"238","Andrew Bogut",1.2e+07,"C",84,260,70,175,279,24,50,492,162,33,114,83,221,375,"GSW"
"239","Ian Clark",947276,"SG",75,175,66,89,202,28,34,68,64,17,13,43,58,236,"GSW"
"240","Stephen Curry",11370786,"PG",75,190,79,805,1598,363,400,430,527,169,15,262,161,2375,"GSW"
"241","Festus Ezeli",2008748,"C",83,255,46,125,228,70,132,257,32,18,50,38,94,320,"GSW"
"242","Draymond Green",14300000,"PF",79,230,81,401,819,229,329,769,598,119,113,259,240,1131,"GSW"
"243","Andre Iguodala",11710456,"SF",78,215,65,176,368,51,83,263,219,73,19,79,102,457,"GSW"
"244","Shaun Livingston",5543725,"PG",79,192,78,203,379,80,93,169,237,57,27,78,140,488,"GSW"
"245","Kevon Looney",1131960,"PF",81,220,5,4,7,0,0,10,0,0,0,1,2,9,"GSW"
"246","James Michael McAdoo",845059,"PF",81,230,41,45,84,26,49,58,17,10,8,16,39,117,"GSW"
"247","Brandon Rush",1270964,"SG",78,220,72,111,260,18,28,181,57,20,23,33,57,305,"GSW"
"248","Marreese Speights",3815000,"C",82,255,72,197,456,94,114,239,61,19,34,66,117,512,"GSW"
"249","Klay Thompson",15500000,"SG",79,215,80,651,1386,193,221,306,166,60,49,138,152,1771,"GSW"
"250","Anderson Varejao",458575,"C",82,273,22,21,48,16,29,50,15,5,5,6,35,58,"GSW"
"251","LaMarcus Aldridge",19500000,"PF",83,260,74,536,1045,259,302,632,110,38,81,99,151,1331,"SAS"
"252","Kyle Anderson",1142879,"SF",81,230,78,138,295,62,83,244,123,60,29,59,97,350,"SAS"
"253","Matt Bonner",1499187,"C",82,235,30,29,57,3,4,27,9,6,1,3,16,76,"SAS"
"254","Rasual Butler",1499187,"SF",79,215,46,49,104,11,16,56,24,13,23,8,11,124,"SAS"
"255","Boris Diaw",7e+06,"PF",80,250,76,202,383,56,76,233,176,26,21,97,102,485,"SAS"
"256","Tim Duncan",5e+06,"C",83,250,61,215,441,92,131,447,163,47,78,90,125,522,"SAS"
"257","Manu Ginobili",2814000,"SG",78,205,58,197,435,91,112,146,177,66,11,99,99,555,"SAS"
"258","Danny Green",1e+07,"SG",78,215,79,211,561,34,46,303,141,79,64,75,141,572,"SAS"
"259","Kawhi Leonard",16500000,"SF",79,230,72,551,1090,292,334,493,186,128,71,105,133,1523,"SAS"
"260","Boban Marjanovic",1200000,"C",87,290,54,105,174,87,114,194,21,12,23,29,54,297,"SAS"
"261","Kevin Martin",317475,"SG",79,199,16,30,85,28,30,29,12,9,2,13,15,99,"SAS"
"262","Ray McCallum",947276,"PG",75,190,31,27,67,9,10,31,33,5,4,11,14,68,"SAS"
"263","Andre Miller",396844,"PG",75,200,13,23,48,9,13,27,29,7,0,12,14,56,"SAS"
"264","Patrick Mills",3578947,"PG",72,185,81,260,612,47,58,158,226,59,6,76,102,690,"SAS"
"265","Tony Parker",13437500,"PG",74,185,72,350,710,130,171,176,379,54,11,131,114,857,"SAS"
"266","Jonathon Simmons",525093,"SG",78,195,55,122,242,69,92,96,58,24,5,53,103,331,"SAS"
"267","David West",1499000,"PF",81,250,78,244,448,63,80,309,143,44,55,68,142,554,"SAS"
"268","Steven Adams",2279040,"C",84,255,80,261,426,114,196,533,62,42,89,84,223,636,"OKC"
"269","Nick Collison",3750000,"PF",82,255,59,50,109,23,33,171,52,15,16,50,107,123,"OKC"
"270","Kevin Durant",20158622,"SF",81,240,72,698,1381,447,498,589,361,69,85,250,137,2029,"OKC"
"271","Randy Foye",3270000,"SG",76,213,27,52,149,22,27,51,49,13,13,28,48,151,"OKC"
"272","Josh Huestis",1140240,"PF",79,230,5,5,12,0,4,10,0,1,2,3,3,14,"OKC"
"273","Serge Ibaka",12350000,"PF",82,235,78,416,869,91,121,533,66,38,148,108,211,983,"OKC"
"274","Enes Kanter",16400000,"C",83,245,82,414,719,200,251,664,33,26,33,115,166,1038,"OKC"
"275","Mitch McGary",1463040,"PF",82,255,20,11,23,4,10,18,3,1,2,7,10,26,"OKC"
"276","Nazr Mohammed",352750,"C",82,221,5,3,5,2,2,4,0,0,0,3,4,8,"OKC"
"277","Anthony Morrow",3344000,"SG",77,210,68,136,333,29,39,62,24,22,5,17,64,380,"OKC"
"278","Cameron Payne",2021520,"PG",75,185,57,114,278,19,24,85,108,36,6,44,80,283,"OKC"
"279","Andre Roberson",1210800,"SG",79,210,70,136,274,33,54,251,47,53,42,35,133,337,"OKC"
"280","Kyle Singler",5e+06,"SF",80,228,68,86,221,29,44,141,24,30,9,32,120,231,"OKC"
"281","Dion Waiters",5138430,"SG",76,225,78,282,706,112,157,202,154,81,15,120,143,762,"OKC"
"282","Russell Westbrook",16744218,"PG",75,200,80,656,1444,465,573,626,834,163,20,342,200,1878,"OKC"
"283","Cole Aldrich",1100600,"C",83,250,60,134,225,60,84,288,50,47,68,64,139,328,"LAC"
"284","Jeff Ayres",317232,"C",81,240,17,12,23,6,6,22,5,0,3,6,18,30,"LAC"
"285","Jamal Crawford",5675000,"SG",77,200,79,379,939,245,271,145,183,52,12,113,122,1120,"LAC"
"286","Branden Dawson",525093,"PF",78,225,6,2,5,1,1,4,0,0,1,0,2,5,"LAC"
"287","Jeff Green",9200000,"SF",81,235,27,114,267,40,65,91,40,18,21,24,62,293,"LAC"
"288","Blake Griffin",18907725,"PF",82,251,35,301,603,141,194,294,170,28,17,83,95,749,"LAC"
"289","Wesley Johnson",1100600,"SF",79,215,80,208,515,30,46,248,49,89,56,54,173,549,"LAC"
"290","DeAndre Jordan",19500000,"C",83,265,77,357,508,266,619,1059,90,51,177,107,207,980,"LAC"
"291","Luc Mbah a Moute",1270964,"PF",80,230,75,94,207,30,57,171,30,44,19,34,100,231,"LAC"
"292","Chris Paul",21468696,"PG",72,175,74,515,1114,294,328,310,738,152,13,194,185,1446,"LAC"
"293","Paul Pierce",3400000,"SF",79,235,68,144,397,54,66,186,71,33,17,58,129,417,"LAC"
"294","Pablo Prigioni",981348,"PG",75,185,59,55,147,7,8,114,130,53,1,49,82,145,"LAC"
"295","J.J. Redick",6867000,"SG",76,190,75,422,880,182,205,139,106,42,5,78,135,1226,"LAC"
"296","Austin Rivers",3100000,"SG",76,200,67,226,516,79,116,130,99,48,9,61,137,593,"LAC"
"297","Alex Stepheson",61776,"PF",82,270,4,1,1,0,2,2,0,0,2,0,4,2,"LAC"
"298","C.J. Wilcox",1159680,"SG",77,195,23,26,66,9,12,12,10,10,2,2,15,70,"LAC"
"299","Cliff Alexander",525093,"PF",80,245,8,5,10,0,0,6,0,1,2,1,1,10,"POR"
"300","Al-Farouq Aminu",7500000,"SF",81,220,82,299,719,115,156,499,138,72,53,120,171,839,"POR"
"301","Pat Connaughton",525093,"SG",77,206,34,13,49,5,5,32,10,2,0,10,6,36,"POR"
"302","Allen Crabbe",947276,"SG",78,210,81,311,678,98,113,216,99,63,16,64,192,832,"POR"
"303","Ed Davis",7e+06,"PF",82,240,81,206,337,114,204,599,88,57,72,64,202,526,"POR"
"304","Tim Frazier",845059,"PG",73,170,35,20,60,8,15,39,42,10,1,27,31,51,"POR"
"305","Maurice Harkless",2894059,"SF",81,215,78,195,411,69,111,280,67,49,35,62,124,498,"POR"
"306","Gerald Henderson",6e+06,"SG",77,215,72,232,529,112,146,211,75,39,19,68,87,624,"POR"
"307","Chris Kaman",5e+06,"C",84,265,16,20,43,3,3,24,11,1,1,8,15,44,"POR"
"308","Meyers Leonard",3075880,"PF",85,245,61,195,435,35,46,314,92,8,18,77,183,511,"POR"
"309","Damian Lillard",4236287,"PG",75,195,75,618,1474,414,464,302,512,65,28,242,165,1879,"POR"
"310","C.J. McCollum",2525160,"SG",76,200,80,641,1431,187,226,259,341,97,23,196,187,1666,"POR"
"311","Luis Montero",525093,"SG",79,185,12,5,19,3,4,4,1,0,0,4,1,14,"POR"
"312","Mason Plumlee",1415520,"C",83,245,82,267,517,215,335,628,226,68,85,154,253,749,"POR"
"313","Brian Roberts",2854940,"PG",73,173,21,23,50,8,10,12,16,3,1,7,12,60,"POR"
"314","Noah Vonleh",2637720,"PF",82,240,78,117,278,38,51,305,30,27,26,50,152,283,"POR"
"315","Justin Anderson",1449000,"SF",78,228,55,71,175,44,55,132,29,19,25,24,45,208,"DAL"
"316","J.J. Barea",4e+06,"PG",72,185,74,317,711,74,96,152,302,26,2,113,110,808,"DAL"
"317","Jeremy Evans",1100602,"SF",81,200,30,26,48,15,21,54,2,6,9,7,19,71,"DAL"
"318","Raymond Felton",3950313,"PG",73,205,80,277,682,149,176,258,284,68,15,121,141,763,"DAL"
"319","Devin Harris",4053000,"PG",75,192,64,167,374,101,140,138,118,60,13,66,124,487,"DAL"
"320","Wesley Matthews",16400000,"SG",77,220,78,331,854,126,146,238,151,78,17,78,179,977,"DAL"
"321","JaVale McGee",1270964,"C",84,270,34,77,134,18,36,133,3,5,26,21,49,172,"DAL"
"322","Salah Mejri",525093,"C",85,245,34,49,78,27,46,123,10,8,36,23,54,125,"DAL"
"323","Dirk Nowitzki",8333334,"PF",84,245,75,498,1112,250,280,489,132,52,52,84,161,1372,"DAL"
"324","Zaza Pachulia",5200000,"C",83,270,76,219,470,212,276,718,128,64,22,119,181,650,"DAL"
"325","Chandler Parsons",15361500,"SF",82,230,61,320,651,93,136,285,169,46,21,95,114,837,"DAL"
"326","Dwight Powell",845059,"PF",83,240,69,146,296,105,142,273,44,36,24,40,118,399,"DAL"
"327","Charlie Villanueva",1499187,"PF",83,232,62,125,327,22,24,152,24,18,15,31,71,319,"DAL"
"328","Deron Williams",5500000,"PG",75,200,65,321,775,179,206,190,378,61,14,150,155,918,"DAL"
"329","Jordan Adams",1404600,"SG",77,209,2,2,6,3,5,2,3,3,0,2,2,7,"MEM"
"330","Tony Allen",5168539,"SG",76,213,64,215,469,90,138,296,70,110,18,78,175,535,"MEM"
"331","Chris Andersen",5e+06,"C",82,245,20,34,62,22,32,89,9,14,10,7,25,92,"MEM"
"332","Matt Barnes",3542500,"SF",79,226,76,264,693,111,138,420,163,78,57,121,234,758,"MEM"
"333","Vince Carter",4088091,"SG",78,220,60,133,343,70,84,146,56,38,16,35,101,395,"MEM"
"334","Mario Chalmers",4300000,"PG",74,190,55,172,412,206,249,143,211,80,12,101,165,595,"MEM"
"335","Mike Conley",9588426,"PG",73,175,56,294,696,191,229,164,342,67,16,84,100,857,"MEM"
"336","Bryce Cotton",64622,"PG",73,165,5,2,2,0,0,0,0,0,0,0,0,4,"MEM"
"337","James Ennis",845059,"SF",79,210,10,4,13,6,10,7,2,4,2,2,1,16,"MEM"
"338","Jordan Farmar",191456,"PG",74,180,12,42,100,10,10,25,37,15,2,18,22,110,"MEM"
"339","Marc Gasol",19700000,"C",85,255,52,328,707,203,245,362,196,50,70,118,141,861,"MEM"
"340","JaMychal Green",845059,"PF",81,227,78,230,495,103,137,373,67,46,33,83,189,578,"MEM"
"341","P.J. Hairston",1201440,"SF",78,230,18,46,132,16,22,46,9,8,4,17,31,124,"MEM"
"342","Jarell Martin",1230840,"PF",82,239,27,54,116,45,62,86,15,8,7,19,58,153,"MEM"
"343","Xavier Munford",89588,"SG",74,180,14,32,77,7,14,31,22,13,3,15,25,80,"MEM"
"344","Zach Randolph",9638555,"PF",81,260,68,431,907,172,216,529,142,43,13,105,146,1040,"MEM"
"345","Russ Smith",816482,"PG",72,165,15,7,22,8,13,9,11,5,1,7,5,23,"MEM"
"346","Lance Stephenson",9e+06,"SF",77,230,26,146,308,66,81,115,73,19,6,46,56,369,"MEM"
"347","Elliot Williams",55722,"PG",77,190,5,2,10,3,4,4,4,0,0,1,2,8,"MEM"
"348","Brandan Wright",5500000,"PF",82,210,12,35,52,13,24,43,6,5,15,10,21,83,"MEM"
"349","Trevor Ariza",8193030,"SF",80,215,81,357,859,126,161,366,188,160,26,113,177,1025,"HOU"
"350","Michael Beasley",306527,"SF",81,235,20,107,205,38,49,98,16,11,9,24,39,255,"HOU"
"351","Patrick Beverley",6500000,"PG",73,185,71,258,594,60,88,250,239,94,26,91,234,700,"HOU"
"352","Corey Brewer",8200000,"SF",81,186,82,212,552,105,140,199,109,84,19,78,168,590,"HOU"
"353","Clint Capela",1242720,"C",82,240,77,231,397,80,211,494,47,59,92,60,190,542,"HOU"
"354","Sam Dekker",1646400,"SF",81,230,3,0,0,0,0,1,0,1,0,0,0,0,"HOU"
"355","Andrew Goudelock",200600,"PG",75,200,8,9,20,3,4,2,4,6,2,7,4,22,"HOU"
"356","James Harden",15756438,"SG",77,220,82,710,1617,720,837,501,612,139,51,374,229,2376,"HOU"
"357","Montrezl Harrell",1e+06,"PF",80,240,39,58,90,24,46,65,17,11,11,17,48,140,"HOU"
"358","Chuck Hayes",83583,"C",78,240,2,1,2,2,2,8,2,0,0,3,6,4,"HOU"
"359","Dwight Howard",22359364,"C",83,265,71,372,600,232,474,835,98,69,113,166,219,976,"HOU"
"360","Terrence Jones",2489530,"PF",81,252,50,166,367,77,116,211,41,23,39,49,86,434,"HOU"
"361","K.J. McDaniels",3333333,"SF",78,205,37,29,72,24,30,42,10,7,6,17,30,89,"HOU"
"362","Donatas Motiejunas",2288205,"PF",84,222,37,90,205,34,53,109,41,17,5,44,69,230,"HOU"
"363","Josh Smith",1499000,"PF",81,225,23,58,169,12,25,67,48,16,13,36,56,151,"HOU"
"364","Jason Terry",1499187,"SG",74,185,72,151,376,27,33,79,103,47,9,49,91,422,"HOU"
"365","Trevor Booker",4775000,"PF",80,228,79,190,388,71,106,452,84,59,41,81,169,463,"UTA"
"366","Trey Burke",2658240,"PG",73,191,64,262,634,67,82,112,148,35,6,80,86,679,"UTA"
"367","Alec Burks",9213484,"SG",78,214,31,137,334,106,141,109,63,18,4,51,71,412,"UTA"
"368","Derrick Favors",11933333,"PF",82,265,62,418,811,180,254,503,94,74,91,104,150,1016,"UTA"
"369","Rudy Gobert",1175880,"C",85,245,61,198,354,161,283,668,91,45,135,114,163,557,"UTA"
"370","Erick Green",99418,"PG",76,185,6,5,12,2,2,5,2,1,0,0,4,13,"UTA"
"371","Gordon Hayward",15409570,"SF",80,226,80,521,1202,393,477,397,296,95,27,202,183,1578,"UTA"
"372","Rodney Hood",1348440,"SG",80,206,79,408,972,172,200,267,213,73,16,125,202,1149,"UTA"
"373","Joe Ingles",2250000,"SF",80,226,81,124,291,13,18,151,96,55,4,65,98,342,"UTA"
"374","Chris Johnson",981348,"SF",78,206,70,72,194,34,42,132,45,32,20,40,100,205,"UTA"
"375","Trey Lyles",2239800,"PF",82,234,80,191,436,57,82,299,59,26,18,65,114,488,"UTA"
"376","Shelvin Mack",2433333,"PG",75,203,28,142,320,36,49,106,149,26,3,81,65,355,"UTA"
"377","Elijah Millsap",362878,"SG",78,225,20,11,39,13,18,35,19,7,3,9,33,36,"UTA"
"378","Raul Neto",1e+06,"PG",73,179,81,180,418,52,70,120,174,62,2,109,122,476,"UTA"
"379","J.J. O'Brien",105888,"SF",79,228,2,0,1,0,0,1,0,1,0,0,1,0,"UTA"
"380","Tibor Pleiss",3e+06,"C",87,256,12,11,25,2,2,15,2,1,2,8,19,24,"UTA"
"381","Jeff Withey",947276,"C",84,231,51,87,162,43,59,173,20,21,53,28,75,217,"UTA"
"382","Quincy Acy",981348,"PF",79,240,59,119,214,50,68,188,27,29,24,27,103,307,"SAC"
"383","James Anderson",1015421,"SG",78,213,51,67,178,22,29,86,41,21,14,42,54,179,"SAC"
"384","Marco Belinelli",6333333,"SG",77,210,68,245,635,115,138,117,127,37,2,80,91,696,"SAC"
"385","Caron Butler",1499187,"SF",79,228,17,25,59,10,12,22,10,9,1,3,19,63,"SAC"
"386","Omri Casspi",3e+06,"SF",81,225,69,299,622,103,159,410,95,56,17,94,154,813,"SAC"
"387","Willie Cauley-Stein",3398280,"C",84,240,66,191,339,81,125,352,37,48,66,46,146,463,"SAC"
"388","Darren Collison",5013559,"PG",72,175,74,377,776,194,226,169,318,76,4,130,142,1035,"SAC"
"389","DeMarcus Cousins",14728844,"C",83,270,65,601,1332,476,663,747,214,101,92,249,236,1748,"SAC"
"390","Seth Curry",947276,"PG",74,185,44,102,224,45,54,60,67,22,3,36,41,299,"SAC"
"391","Duje Dukan",525093,"SF",81,220,1,2,10,0,0,4,1,1,0,0,2,6,"SAC"
"392","Rudy Gay",12403101,"SF",80,230,70,466,1007,198,254,456,120,100,51,139,184,1204,"SAC"
"393","Kosta Koufos",7500000,"C",84,265,78,236,444,57,104,423,33,40,70,48,185,529,"SAC"
"394","Ben McLemore",3156600,"SG",77,195,68,195,455,74,103,148,79,52,10,99,140,531,"SAC"
"395","Eric Moreland",845059,"PF",82,238,8,3,6,2,4,11,1,0,4,3,4,8,"SAC"
"396","Rajon Rondo",9500000,"PG",73,186,72,355,782,87,150,435,839,141,10,278,175,859,"SAC"
"397","Darrell Arthur",2814000,"PF",81,235,70,221,489,40,53,293,96,53,48,66,185,527,"DEN"
"398","D.J. Augustin",3e+06,"PG",72,183,28,102,229,77,94,52,132,25,2,54,44,325,"DEN"
"399","Will Barton",3333333,"SG",78,175,82,425,983,216,268,476,203,71,39,139,147,1178,"DEN"
"400","Kenneth Faried",11235955,"PF",80,228,67,349,626,136,222,581,79,32,60,91,169,835,"DEN"
"401","Danilo Gallinari",1.4e+07,"SF",82,225,53,287,700,375,432,281,135,42,19,77,87,1036,"DEN"
"402","Gary Harris",1587480,"SG",76,210,76,359,765,109,133,220,147,97,18,98,143,932,"DEN"
"403","Nikola Jokic",1300000,"C",82,250,80,307,600,154,190,560,189,79,50,104,208,796,"DEN"
"404","Joffrey Lauvergne",1709720,"C",83,220,59,195,380,62,69,290,56,13,15,54,115,465,"DEN"
"405","Mike Miller",1499187,"SF",80,218,47,22,62,0,0,53,40,13,4,17,53,63,"DEN"
"406","Emmanuel Mudiay",3102240,"PG",77,200,68,329,905,140,209,232,372,65,35,217,141,872,"DEN"
"407","Jameer Nelson",4500000,"PG",72,190,39,113,307,30,35,115,190,25,5,66,100,299,"DEN"
"408","Jusuf Nurkic",1842000,"C",84,280,32,101,242,61,99,175,40,24,44,55,91,263,"DEN"
"409","Kostas Papanikolaou",350000,"SF",80,225,26,24,66,9,14,40,16,13,5,21,24,67,"DEN"
"410","Axel Toupane",123552,"SF",79,197,21,25,70,13,17,31,15,7,6,6,40,76,"DEN"
"411","Alexis Ajinca",4300000,"C",86,248,59,150,315,52,62,269,31,19,36,54,134,352,"NOP"
"412","Ryan Anderson",8500000,"PF",82,240,66,397,929,199,228,396,73,38,25,90,109,1124,"NOP"
"413","Omer Asik",1.1e+07,"C",84,255,68,104,195,61,112,414,26,21,23,60,124,269,"NOP"
"414","Luke Babbitt",1100000,"SF",81,225,47,122,289,39,50,148,53,11,7,23,90,327,"NOP"
"415","Norris Cole",3036927,"PG",74,175,45,196,484,52,65,151,167,37,5,75,102,477,"NOP"
"416","Dante Cunningham",3e+06,"SF",80,230,80,186,412,57,82,236,77,42,33,41,173,484,"NOP"
"417","Anthony Davis",7070730,"PF",82,253,61,560,1136,326,430,627,116,78,125,121,148,1481,"NOP"
"418","Bryce Dejean-Jones",281659,"SG",78,209,14,28,69,11,21,48,15,10,2,11,17,79,"NOP"
"419","Toney Douglas",1164858,"PG",74,195,61,183,445,84,99,143,157,70,5,64,131,531,"NOP"
"420","Tyreke Evans",11227000,"SG",78,220,25,136,314,74,93,129,164,32,8,73,66,379,"NOP"
"421","Alonzo Gee",1375000,"SF",78,225,73,132,255,44,66,245,72,63,13,55,169,325,"NOP"
"422","Eric Gordon",15514031,"SG",76,215,45,231,552,111,125,99,121,43,14,73,98,686,"NOP"
"423","Jordan Hamilton",119462,"SF",79,220,11,49,116,14,21,62,25,8,3,17,24,125,"NOP"
"424","Jrue Holiday",10595507,"PG",76,205,65,410,935,182,216,195,391,88,22,167,148,1089,"NOP"
"425","Orlando Johnson",55722,"SG",77,220,5,4,17,1,2,6,2,1,0,3,4,10,"NOP"
"426","Kendrick Perkins",1499200,"C",82,270,37,40,75,11,25,128,31,11,11,41,64,91,"NOP"
"427","Nate Robinson",44000,"PG",69,180,2,0,1,0,0,0,4,1,0,0,5,0,"NOP"
"428","Nemanja Bjelica",4e+06,"PF",82,240,60,110,235,40,55,210,83,26,21,47,154,308,"MIN"
"429","Gorgui Dieng",1474440,"C",83,241,82,308,579,205,248,585,143,94,96,140,219,827,"MIN"
"430","Kevin Garnett",8500000,"PF",83,240,38,54,115,14,21,150,62,28,10,16,70,122,"MIN"
"431","Tyus Jones",1282080,"PG",74,195,37,56,156,28,39,47,108,31,3,33,33,156,"MIN"
"432","Zach LaVine",2148360,"SG",77,189,82,433,959,161,203,228,251,69,17,155,193,1150,"MIN"
"433","Shabazz Muhammad",2056920,"SF",78,223,82,317,681,185,242,267,52,24,7,70,94,863,"MIN"
"434","Adreian Payne",1938840,"PF",82,237,52,53,145,17,26,111,29,16,11,36,77,132,"MIN"
"435","Nikola Pekovic",12100000,"C",83,307,12,19,50,16,20,21,11,1,0,9,22,54,"MIN"
"436","Tayshaun Prince",1499187,"SF",81,212,77,102,229,13,19,147,73,36,13,27,62,221,"MIN"
"437","Ricky Rubio",12365000,"PG",76,194,76,219,586,266,314,326,658,162,10,193,201,766,"MIN"
"438","Damjan Rudez",1149500,"SF",82,228,33,25,62,8,8,20,11,3,1,13,33,75,"MIN"
"439","Greg Smith",247623,"PF",82,250,18,18,32,7,17,42,6,4,1,7,28,43,"MIN"
"440","Karl-Anthony Towns",5703600,"C",84,244,82,625,1153,223,275,857,161,58,138,183,245,1503,"MIN"
"441","Andrew Wiggins",5758680,"SF",80,199,81,594,1294,430,565,292,164,78,46,182,165,1675,"MIN"
"442","Eric Bledsoe",13086957,"PG",73,190,31,223,492,138,172,125,190,63,19,110,75,632,"PHO"
"443","Devin Booker",2127840,"SG",78,206,76,367,867,215,256,187,200,44,20,160,225,1048,"PHO"
"444","Lorenzo Brown",111444,"PG",77,189,8,8,25,3,4,7,11,3,1,9,4,20,"PHO"
"445","Tyson Chandler",1.3e+07,"C",85,240,66,183,314,106,171,576,64,36,44,93,145,472,"PHO"
"446","Archie Goodwin",1160160,"PG",77,200,57,176,422,130,193,142,118,27,13,100,84,505,"PHO"
"447","Cory Jefferson",421449,"PF",81,218,8,9,22,4,6,16,0,0,1,0,8,22,"PHO"
"448","John Jenkins",981000,"SG",76,215,22,42,90,12,15,35,26,5,1,16,11,109,"PHO"
"449","Brandon Knight",1.2e+07,"SG",75,189,52,371,895,156,183,202,263,61,20,177,124,1018,"PHO"
"450","Alex Len",3807120,"C",85,260,78,264,624,174,239,594,97,38,62,145,230,703,"PHO"
"451","Jon Leuer",1035000,"PF",82,228,67,224,466,77,101,373,72,38,30,75,125,567,"PHO"
"452","Ronnie Price",1499187,"PG",74,190,62,116,302,31,41,99,147,74,13,70,161,331,"PHO"
"453","Mirza Teletovic",5500000,"PF",81,242,79,332,777,120,155,302,89,32,21,84,159,965,"PHO"
"454","P.J. Tucker",5500000,"SF",78,245,82,239,582,106,142,512,177,106,20,111,202,652,"PHO"
"455","T.J. Warren",2041080,"SF",80,230,47,221,441,45,64,147,44,37,16,32,94,515,"PHO"
"456","Alan Williams",114285,"PF",80,260,10,10,24,9,14,38,5,4,5,6,15,29,"PHO"
"457","Brandon Bass",3e+06,"PF",80,250,66,174,317,125,148,285,74,33,55,42,125,473,"LAL"
"458","Tarik Black",845059,"C",81,250,39,57,104,19,45,157,16,14,18,22,78,133,"LAL"
"459","Anthony Brown",7e+05,"SF",79,210,29,39,126,17,20,70,19,14,5,15,34,115,"LAL"
"460","Kobe Bryant",2.5e+07,"SF",78,212,66,398,1113,232,281,247,184,62,13,129,115,1161,"LAL"
"461","Jordan Clarkson",845059,"SG",77,194,79,475,1098,164,204,313,192,88,7,135,168,1225,"LAL"
"462","Roy Hibbert",15500000,"C",86,270,81,182,411,117,145,398,95,32,110,76,252,481,"LAL"
"463","Marcelo Huertas",525093,"PG",75,200,53,97,230,27,29,90,182,26,7,80,76,237,"LAL"
"464","Ryan Kelly",1724250,"PF",83,230,36,55,149,37,54,121,20,13,10,18,39,152,"LAL"
"465","Larry Nance Jr.",1155600,"PF",81,230,63,158,300,32,47,312,44,54,23,41,124,349,"LAL"
"466","Julius Randle",3132240,"PF",81,250,81,358,835,193,270,829,144,53,29,149,242,919,"LAL"
"467","D'Angelo Russell",5103120,"PG",77,195,80,392,956,140,190,274,266,93,13,196,142,1054,"LAL"
"468","Robert Sacre",981348,"C",84,270,25,31,75,25,38,72,14,4,10,12,43,87,"LAL"
"469","Lou Williams",7e+06,"SG",73,175,67,283,693,352,424,169,167,62,19,107,107,1028,"LAL"
"470","Metta World Peace",1499187,"SF",78,260,35,55,177,40,57,89,27,22,11,15,67,176,"LAL"
"471","Nick Young",5219169,"SG",79,210,54,126,372,63,76,97,34,23,7,30,50,392,"LAL"
